date,category,amount_spent
2020-08-08 08:36:33.692397,housing,100.2
2023-03-07 08:36:33.692397,healthcare,10.46
2020-02-25 08:36:33.692397,miscellaneous,7.57
2021-10-28 08:36:33.692397,housing,92.73
2021-11-11 08:36:33.692397,healthcare,2.78
2021-10-12 08:36:33.692397,transportation,39.67
2020-06-12 08:36:33.692397,transportation,20.31
2021-07-18 08:36:33.692397,miscellaneous,15.7
2022-02-27 08:36:33.692397,housing,20.15
2020-03-01 08:36:33.692397,housing,40.56
2019-10-14 08:36:33.692397,healthcare,15.98
2023-09-09 08:36:33.692397,housing,85.72
2021-11-14 08:36:33.692397,food,72.78
2019-07-22 08:36:33.692397,transportation,11.57
2020-07-14 08:36:33.692397,housing,36.23
2019-04-20 08:36:33.692397,housing,22.19
2021-10-31 08:36:33.692397,housing,102.73
2019-12-26 08:36:33.692397,healthcare,6.36
2020-01-24 08:36:33.692397,housing,64.83
2019-07-30 08:36:33.692397,housing,64.52
2021-06-19 08:36:33.692397,entertainment,19.55
2020-05-26 08:36:33.692397,food,9.82
2019-10-20 08:36:33.692397,housing,17.2
2020-12-13 08:36:33.692397,miscellaneous,13.47
2019-05-30 08:36:33.692397,miscellaneous,7.69
2023-05-20 08:36:33.692397,healthcare,16.19
2023-01-16 08:36:33.692397,housing,55.06
2020-02-23 08:36:33.692397,education,13.23
2022-04-17 08:36:33.692397,housing,16.75
2019-05-09 08:36:33.692397,housing,56.09
2023-03-06 08:36:33.692397,entertainment,24.67
2019-10-24 08:36:33.692397,housing,38.77
2020-08-14 08:36:33.692397,housing,64.5
2023-05-15 08:36:33.692397,housing,103.53
2021-09-28 08:36:33.692397,education,11.21
2021-12-05 08:36:33.692397,miscellaneous,28.88
2023-03-17 08:36:33.692397,entertainment,4.34
2022-02-11 08:36:33.692397,transportation,36.7
2020-01-07 08:36:33.692397,healthcare,14.81
2023-02-24 08:36:33.692397,education,33.55
2023-04-06 08:36:33.692397,food,26.96
2019-10-17 08:36:33.692397,transportation,9.31
2020-06-21 08:36:33.692397,entertainment,37.68
2020-06-30 08:36:33.692397,food,12.77
2022-09-16 08:36:33.692397,food,72.89
2024-03-17 08:36:33.692397,housing,105.97
2021-05-16 08:36:33.692397,transportation,11.73
2022-03-02 08:36:33.692397,transportation,14.4
2022-01-06 08:36:33.692397,housing,30.86
2022-05-14 08:36:33.692397,food,71.61
2023-10-14 08:36:33.692397,housing,27.53
2021-12-15 08:36:33.692397,food,65.58
2021-11-26 08:36:33.692397,housing,81.4
2023-11-05 08:36:33.692397,housing,73.51
2020-10-25 08:36:33.692397,housing,115.19
2019-06-01 08:36:33.692397,housing,111.76
2023-04-29 08:36:33.692397,housing,29.06
2021-09-09 08:36:33.692397,housing,37.07
2021-10-10 08:36:33.692397,utilities,8.04
2021-02-28 08:36:33.692397,miscellaneous,21.3
2021-08-01 08:36:33.692397,education,4.37
2020-04-07 08:36:33.692397,housing,109.65
2019-08-17 08:36:33.692397,housing,41.97
2024-01-23 08:36:33.692397,housing,13.09
2019-04-15 08:36:33.692397,food,10.93
2019-07-04 08:36:33.692397,transportation,30.36
2024-01-24 08:36:33.692397,transportation,6.42
2023-01-11 08:36:33.692397,healthcare,4.51
2022-11-02 08:36:33.692397,housing,109.98
2023-06-12 08:36:33.692397,transportation,14.48
2019-10-14 08:36:33.692397,food,51.14
2023-05-22 08:36:33.692397,food,54.9
2019-04-22 08:36:33.692397,housing,61.62
2024-02-03 08:36:33.692397,education,4.78
2021-11-20 08:36:33.692397,food,56.28
2023-07-30 08:36:33.692397,housing,99.83
2019-10-02 08:36:33.692397,food,46.92
2022-07-30 08:36:33.692397,transportation,23.13
2020-07-27 08:36:33.692397,food,48.35
2023-10-20 08:36:33.692397,healthcare,13.76
2021-05-01 08:36:33.692397,miscellaneous,39.05
2022-01-22 08:36:33.692397,education,36.51
2019-09-13 08:36:33.692397,entertainment,8.16
2024-01-13 08:36:33.692397,housing,72.56
2023-06-16 08:36:33.692397,education,12.45
2020-12-30 08:36:33.692397,housing,98.52
2022-05-19 08:36:33.692397,food,56.61
2022-08-27 08:36:33.692397,housing,30.24
2020-10-29 08:36:33.692397,housing,95.27
2022-08-31 08:36:33.692397,food,71.26
2022-01-10 08:36:33.692397,housing,80.75
2021-06-27 08:36:33.692397,food,45.23
2019-04-21 08:36:33.692397,food,61.13
2021-10-01 08:36:33.692397,miscellaneous,4.89
2021-03-11 08:36:33.692397,housing,99.64
2022-03-14 08:36:33.692397,entertainment,5.82
2024-01-26 08:36:33.692397,housing,32.25
2022-05-02 08:36:33.692397,transportation,24.2
2023-03-01 08:36:33.692397,education,33.73
2021-01-05 08:36:33.692397,education,26.61
2020-09-08 08:36:33.692397,food,67.56
2019-05-30 08:36:33.692397,food,34.66
2019-05-15 08:36:33.692397,food,13.73
2021-03-24 08:36:33.692397,education,9.0
2022-09-23 08:36:33.692397,food,45.07
2021-12-11 08:36:33.692397,transportation,28.0
2024-02-18 08:36:33.692397,housing,47.76
2019-08-28 08:36:33.692397,housing,78.2
2023-06-03 08:36:33.692397,education,32.65
2021-08-22 08:36:33.692397,education,15.07
2020-05-16 08:36:33.692397,healthcare,16.64
2023-01-06 08:36:33.692397,miscellaneous,30.85
2020-10-10 08:36:33.692397,transportation,31.96
2024-03-06 08:36:33.692397,education,39.16
2021-04-11 08:36:33.692397,food,11.08
2020-06-06 08:36:33.692397,education,16.91
2021-05-23 08:36:33.692397,utilities,4.71
2019-09-01 08:36:33.692397,utilities,12.12
2021-01-23 08:36:33.692397,food,71.8
2022-12-03 08:36:33.692397,housing,31.2
2019-08-30 08:36:33.692397,education,37.94
2020-11-27 08:36:33.692397,healthcare,4.97
2019-10-24 08:36:33.692397,healthcare,6.5
2020-07-25 08:36:33.692397,entertainment,24.5
2023-04-04 08:36:33.692397,food,56.49
2024-04-02 08:36:33.692397,transportation,7.35
2019-06-20 08:36:33.692397,miscellaneous,38.98
2022-03-16 08:36:33.692397,food,65.96
2019-05-28 08:36:33.692397,education,27.08
2021-08-11 08:36:33.692397,utilities,17.34
2019-06-16 08:36:33.692397,housing,105.66
2023-07-08 08:36:33.692397,housing,27.9
2020-03-21 08:36:33.692397,transportation,6.97
2020-05-17 08:36:33.692397,healthcare,10.33
2021-03-22 08:36:33.692397,food,77.65
2023-01-29 08:36:33.692397,miscellaneous,11.63
2022-10-25 08:36:33.692397,entertainment,7.46
2020-02-13 08:36:33.692397,food,19.44
2022-11-01 08:36:33.692397,food,71.52
2024-02-20 08:36:33.692397,housing,67.61
2019-11-25 08:36:33.692397,food,30.4
2022-04-28 08:36:33.692397,housing,115.31
2022-02-10 08:36:33.692397,miscellaneous,31.76
2020-11-02 08:36:33.692397,utilities,6.99
2020-01-03 08:36:33.692397,healthcare,18.41
2020-01-02 08:36:33.692397,miscellaneous,31.6
2019-07-20 08:36:33.692397,transportation,17.13
2021-01-29 08:36:33.692397,food,59.98
2020-02-24 08:36:33.692397,miscellaneous,15.35
2023-11-05 08:36:33.692397,housing,55.79
2023-06-21 08:36:33.692397,housing,27.42
2019-08-10 08:36:33.692397,education,39.63
2020-02-22 08:36:33.692397,housing,92.25
2020-11-21 08:36:33.692397,housing,14.68
2022-06-10 08:36:33.692397,miscellaneous,7.41
2022-10-03 08:36:33.692397,housing,81.55
2021-05-24 08:36:33.692397,transportation,19.89
2023-07-03 08:36:33.692397,healthcare,16.81
2019-11-09 08:36:33.692397,miscellaneous,15.08
2019-04-08 08:36:33.692397,housing,119.84
2020-07-29 08:36:33.692397,housing,105.38
2022-07-17 08:36:33.692397,transportation,22.95
2021-11-14 08:36:33.692397,food,14.17
2020-10-03 08:36:33.692397,food,44.42
2022-08-14 08:36:33.692397,housing,44.61
2022-09-01 08:36:33.692397,food,21.98
2022-08-10 08:36:33.692397,entertainment,29.91
2022-10-25 08:36:33.692397,food,79.02
2024-03-01 08:36:33.692397,transportation,20.64
2022-01-22 08:36:33.692397,miscellaneous,8.52
2021-05-16 08:36:33.692397,housing,26.02
2021-04-21 08:36:33.692397,housing,89.44
2019-06-24 08:36:33.692397,food,27.01
2023-01-28 08:36:33.692397,miscellaneous,34.16
2023-05-25 08:36:33.692397,housing,74.49
2020-10-15 08:36:33.692397,food,57.66
2019-12-08 08:36:33.692397,food,73.39
2022-07-15 08:36:33.692397,housing,94.25
2021-09-23 08:36:33.692397,entertainment,37.87
2021-12-03 08:36:33.692397,miscellaneous,20.79
2021-12-27 08:36:33.692397,food,57.35
2021-06-12 08:36:33.692397,housing,66.71
2021-05-27 08:36:33.692397,miscellaneous,29.63
2023-04-13 08:36:33.692397,housing,34.93
2020-03-08 08:36:33.692397,housing,99.54
2021-07-13 08:36:33.692397,housing,63.03
2021-08-17 08:36:33.692397,education,10.6
2022-02-24 08:36:33.692397,utilities,8.01
2024-01-03 08:36:33.692397,miscellaneous,5.03
2023-06-19 08:36:33.692397,housing,43.14
2019-06-07 08:36:33.692397,entertainment,9.06
2021-10-12 08:36:33.692397,entertainment,38.35
2020-02-17 08:36:33.692397,housing,98.73
2019-06-22 08:36:33.692397,housing,32.48
2024-02-02 08:36:33.692397,food,63.29
2024-02-03 08:36:33.692397,transportation,22.45
2021-06-22 08:36:33.692397,education,19.43
2022-07-18 08:36:33.692397,education,38.16
2020-08-11 08:36:33.692397,housing,12.39
2019-12-17 08:36:33.692397,transportation,11.55
2019-10-03 08:36:33.692397,transportation,22.02
2022-03-19 08:36:33.692397,transportation,11.72
2023-11-21 08:36:33.692397,housing,51.71
2021-05-14 08:36:33.692397,food,48.99
2022-05-25 08:36:33.692397,transportation,23.04
2019-12-25 08:36:33.692397,food,21.87
2019-09-30 08:36:33.692397,housing,112.59
2022-11-30 08:36:33.692397,food,18.68
2022-01-24 08:36:33.692397,entertainment,33.77
2020-03-25 08:36:33.692397,entertainment,13.04
2023-10-28 08:36:33.692397,housing,87.92
2020-11-06 08:36:33.692397,food,48.67
2019-09-12 08:36:33.692397,food,58.73
2021-05-26 08:36:33.692397,food,58.81
2023-05-02 08:36:33.692397,food,47.95
2019-06-24 08:36:33.692397,housing,100.42
2021-08-18 08:36:33.692397,housing,30.96
2022-12-08 08:36:33.692397,education,7.97
2021-09-28 08:36:33.692397,education,14.73
2019-12-11 08:36:33.692397,healthcare,16.84
2022-12-26 08:36:33.692397,transportation,14.18
2020-05-29 08:36:33.692397,entertainment,23.78
2021-09-03 08:36:33.692397,housing,94.54
2020-09-26 08:36:33.692397,housing,88.66
2021-07-02 08:36:33.692397,food,35.82
2022-08-31 08:36:33.692397,education,39.43
2024-04-03 08:36:33.692397,food,31.03
2024-03-03 08:36:33.692397,entertainment,22.11
2019-06-13 08:36:33.692397,miscellaneous,4.74
2024-02-14 08:36:33.692397,housing,79.79
2019-09-26 08:36:33.692397,healthcare,4.02
2024-02-29 08:36:33.692397,transportation,30.2
2020-05-31 08:36:33.692397,miscellaneous,13.17
2019-06-20 08:36:33.692397,entertainment,6.65
2020-03-19 08:36:33.692397,housing,45.01
2022-12-01 08:36:33.692397,housing,117.97
2022-11-03 08:36:33.692397,transportation,13.43
2023-07-28 08:36:33.692397,food,61.11
2019-08-05 08:36:33.692397,food,73.14
2023-02-04 08:36:33.692397,education,15.61
2023-07-16 08:36:33.692397,housing,110.25
2022-06-22 08:36:33.692397,housing,108.85
2022-07-18 08:36:33.692397,transportation,11.87
2024-03-25 08:36:33.692397,food,30.32
2019-05-18 08:36:33.692397,entertainment,17.28
2019-07-04 08:36:33.692397,healthcare,17.98
2022-05-29 08:36:33.692397,housing,80.13
2019-12-27 08:36:33.692397,utilities,19.35
2023-11-19 08:36:33.692397,entertainment,18.06
2021-11-16 08:36:33.692397,transportation,37.8
2021-11-30 08:36:33.692397,miscellaneous,10.12
2020-12-07 08:36:33.692397,housing,90.45
2020-01-25 08:36:33.692397,housing,49.22
2021-08-11 08:36:33.692397,education,18.66
2024-03-04 08:36:33.692397,housing,31.01
2021-10-06 08:36:33.692397,housing,46.2
2023-01-26 08:36:33.692397,housing,110.4
2020-10-04 08:36:33.692397,housing,54.25
2020-02-02 08:36:33.692397,entertainment,28.76
2019-05-29 08:36:33.692397,entertainment,37.51
2019-10-22 08:36:33.692397,housing,24.31
2019-11-29 08:36:33.692397,healthcare,7.93
2020-09-14 08:36:33.692397,education,8.29
2022-10-29 08:36:33.692397,education,17.75
2020-10-22 08:36:33.692397,utilities,9.05
2020-10-15 08:36:33.692397,food,29.98
2021-05-28 08:36:33.692397,transportation,36.11
2022-02-28 08:36:33.692397,healthcare,7.61
2023-11-27 08:36:33.692397,miscellaneous,31.57
2021-09-11 08:36:33.692397,housing,55.94
2021-05-27 08:36:33.692397,entertainment,24.03
2023-01-21 08:36:33.692397,housing,59.19
2019-07-26 08:36:33.692397,housing,23.66
2022-05-06 08:36:33.692397,housing,85.71
2020-06-01 08:36:33.692397,entertainment,11.79
2020-03-03 08:36:33.692397,food,33.34
2020-11-14 08:36:33.692397,utilities,14.5
2021-08-05 08:36:33.692397,entertainment,9.8
2020-09-30 08:36:33.692397,food,46.76
2024-01-08 08:36:33.692397,education,21.41
2020-09-20 08:36:33.692397,housing,107.8
2021-01-19 08:36:33.692397,housing,40.1
2019-08-28 08:36:33.692397,entertainment,7.72
2023-03-22 08:36:33.692397,transportation,30.71
2019-04-22 08:36:33.692397,utilities,3.28
2019-04-19 08:36:33.692397,transportation,22.9
2020-04-30 08:36:33.692397,education,15.6
2019-06-19 08:36:33.692397,food,75.59
2022-09-11 08:36:33.692397,entertainment,25.43
2023-02-03 08:36:33.692397,food,37.18
2022-08-01 08:36:33.692397,housing,67.7
2021-08-03 08:36:33.692397,food,20.04
2021-06-28 08:36:33.692397,housing,60.52
2023-09-21 08:36:33.692397,food,60.84
2020-01-09 08:36:33.692397,education,28.73
2024-01-08 08:36:33.692397,housing,28.45
2023-03-04 08:36:33.692397,housing,90.67
2022-11-09 08:36:33.692397,housing,82.76
2021-01-07 08:36:33.692397,housing,79.1
2019-08-02 08:36:33.692397,miscellaneous,5.2
2021-03-02 08:36:33.692397,food,54.05
2021-02-19 08:36:33.692397,entertainment,20.88
2022-04-19 08:36:33.692397,entertainment,13.57
2021-11-01 08:36:33.692397,transportation,17.03
2020-10-06 08:36:33.692397,food,66.23
2020-09-10 08:36:33.692397,transportation,10.22
2019-08-22 08:36:33.692397,healthcare,11.54
2023-08-23 08:36:33.692397,transportation,19.96
2020-12-25 08:36:33.692397,healthcare,5.19
2021-03-17 08:36:33.692397,housing,82.36
2023-04-20 08:36:33.692397,entertainment,16.25
2022-01-29 08:36:33.692397,housing,59.88
2023-05-03 08:36:33.692397,food,41.72
2021-07-02 08:36:33.692397,food,40.69
2019-09-30 08:36:33.692397,miscellaneous,31.04
2020-01-05 08:36:33.692397,housing,113.13
2021-05-25 08:36:33.692397,utilities,10.7
2021-04-24 08:36:33.692397,transportation,21.43
2019-07-21 08:36:33.692397,food,43.78
2020-04-27 08:36:33.692397,entertainment,26.98
2020-05-24 08:36:33.692397,education,11.66
2020-01-17 08:36:33.692397,housing,16.26
2022-07-12 08:36:33.692397,food,35.3
2023-09-28 08:36:33.692397,food,41.25
2023-02-02 08:36:33.692397,utilities,9.14
2021-06-22 08:36:33.692397,food,39.87
2021-11-20 08:36:33.692397,education,21.17
2019-12-26 08:36:33.692397,miscellaneous,27.88
2023-03-06 08:36:33.692397,entertainment,34.97
2020-04-24 08:36:33.692397,education,15.03
2023-07-05 08:36:33.692397,food,8.07
2023-03-10 08:36:33.692397,education,36.51
2021-06-11 08:36:33.692397,food,8.8
2023-07-04 08:36:33.692397,housing,100.69
2022-09-12 08:36:33.692397,miscellaneous,17.72
2021-03-19 08:36:33.692397,housing,106.31
2021-07-31 08:36:33.692397,transportation,38.95
2022-06-03 08:36:33.692397,utilities,13.72
2020-02-29 08:36:33.692397,food,76.71
2020-12-21 08:36:33.692397,miscellaneous,30.65
2023-11-06 08:36:33.692397,housing,59.72
2022-01-25 08:36:33.692397,miscellaneous,13.7
2021-05-20 08:36:33.692397,food,49.18
2023-11-16 08:36:33.692397,food,8.18
2022-06-02 08:36:33.692397,housing,97.89
2022-12-31 08:36:33.692397,entertainment,37.1
2021-03-25 08:36:33.692397,food,37.69
2024-03-17 08:36:33.692397,transportation,24.54
2022-02-09 08:36:33.692397,food,11.61
2021-11-11 08:36:33.692397,housing,84.85
2023-05-27 08:36:33.692397,food,77.88
2024-02-04 08:36:33.692397,food,21.34
2022-07-11 08:36:33.692397,housing,104.99
2020-03-19 08:36:33.692397,housing,110.15
2022-12-02 08:36:33.692397,housing,27.04
2023-05-04 08:36:33.692397,housing,43.23
2020-06-05 08:36:33.692397,food,47.8
2020-07-04 08:36:33.692397,miscellaneous,18.6
2021-02-07 08:36:33.692397,entertainment,29.16
2019-12-31 08:36:33.692397,housing,67.1
2020-07-02 08:36:33.692397,housing,22.19
2021-05-13 08:36:33.692397,transportation,18.44
2023-11-22 08:36:33.692397,healthcare,15.1
2020-07-27 08:36:33.692397,transportation,13.98
2021-10-11 08:36:33.692397,entertainment,32.37
2019-07-01 08:36:33.692397,utilities,6.66
2021-08-03 08:36:33.692397,utilities,7.78
2021-08-31 08:36:33.692397,food,20.77
2019-11-15 08:36:33.692397,housing,58.96
2021-05-04 08:36:33.692397,housing,61.68
2019-05-04 08:36:33.692397,housing,54.81
2021-02-15 08:36:33.692397,food,19.82
2023-04-05 08:36:33.692397,entertainment,16.11
2021-03-25 08:36:33.692397,entertainment,39.06
2021-03-13 08:36:33.692397,housing,93.72
2019-08-02 08:36:33.692397,education,23.21
2022-12-20 08:36:33.692397,education,27.94
2021-10-10 08:36:33.692397,transportation,15.18
2020-07-29 08:36:33.692397,transportation,31.02
2020-09-22 08:36:33.692397,food,32.54
2020-03-02 08:36:33.692397,housing,81.04
2023-04-18 08:36:33.692397,food,30.92
2019-10-14 08:36:33.692397,housing,71.64
2022-01-13 08:36:33.692397,housing,102.21
2020-08-02 08:36:33.692397,housing,69.71
2022-11-29 08:36:33.692397,utilities,10.91
2024-01-19 08:36:33.692397,transportation,36.86
2022-03-19 08:36:33.692397,housing,100.82
2019-12-15 08:36:33.692397,entertainment,28.74
2021-08-08 08:36:33.692397,food,67.41
2022-02-19 08:36:33.692397,entertainment,31.53
2024-01-13 08:36:33.692397,housing,88.93
2020-10-27 08:36:33.692397,utilities,3.71
2020-09-03 08:36:33.692397,food,46.44
2023-04-13 08:36:33.692397,miscellaneous,39.61
2019-11-08 08:36:33.692397,housing,56.26
2023-01-24 08:36:33.692397,education,30.97
2020-11-08 08:36:33.692397,education,23.91
2022-03-03 08:36:33.692397,housing,93.33
2021-08-27 08:36:33.692397,transportation,19.35
2019-11-02 08:36:33.692397,housing,107.31
2021-06-09 08:36:33.692397,miscellaneous,8.38
2020-03-24 08:36:33.692397,entertainment,21.96
2019-04-08 08:36:33.692397,food,71.15
2019-08-25 08:36:33.692397,housing,110.64
2020-06-11 08:36:33.692397,miscellaneous,29.5
2020-12-07 08:36:33.692397,housing,34.81
2021-01-13 08:36:33.692397,transportation,15.63
2022-03-17 08:36:33.692397,education,14.11
2020-08-29 08:36:33.692397,housing,13.72
2022-10-02 08:36:33.692397,utilities,2.82
2021-04-23 08:36:33.692397,food,68.6
2023-01-25 08:36:33.692397,entertainment,23.06
2023-04-16 08:36:33.692397,transportation,16.68
2020-02-18 08:36:33.692397,miscellaneous,4.56
2021-07-30 08:36:33.692397,education,25.59
2021-01-20 08:36:33.692397,food,23.41
2021-11-16 08:36:33.692397,housing,38.85
2019-09-06 08:36:33.692397,housing,29.1
2019-06-01 08:36:33.692397,utilities,5.39
2022-01-31 08:36:33.692397,transportation,21.07
2023-11-22 08:36:33.692397,housing,32.77
2021-09-27 08:36:33.692397,entertainment,31.19
2021-12-07 08:36:33.692397,utilities,10.19
2021-11-14 08:36:33.692397,food,45.6
2019-04-12 08:36:33.692397,housing,54.87
2023-02-09 08:36:33.692397,education,17.62
2023-05-28 08:36:33.692397,housing,80.99
2024-02-06 08:36:33.692397,housing,52.02
2021-12-15 08:36:33.692397,housing,68.33
2021-11-04 08:36:33.692397,transportation,35.96
2019-04-10 08:36:33.692397,food,50.65
2022-06-25 08:36:33.692397,utilities,12.76
2024-03-22 08:36:33.692397,education,34.2
2021-06-30 08:36:33.692397,transportation,19.96
2019-04-21 08:36:33.692397,food,46.23
2019-10-10 08:36:33.692397,food,47.14
2022-09-08 08:36:33.692397,housing,98.39
2023-10-11 08:36:33.692397,transportation,19.69
2019-10-18 08:36:33.692397,education,7.74
2024-03-20 08:36:33.692397,housing,30.02
2022-11-16 08:36:33.692397,education,8.77
2020-02-18 08:36:33.692397,housing,23.56
2023-10-30 08:36:33.692397,housing,70.85
2021-04-12 08:36:33.692397,housing,19.33
2023-04-28 08:36:33.692397,transportation,8.28
2020-03-02 08:36:33.692397,housing,58.8
2019-06-01 08:36:33.692397,education,10.72
2021-07-13 08:36:33.692397,education,21.39
2022-12-06 08:36:33.692397,food,43.58
2021-01-05 08:36:33.692397,education,10.06
2020-05-25 08:36:33.692397,utilities,9.7
2021-05-27 08:36:33.692397,housing,72.37
2021-08-22 08:36:33.692397,food,71.62
2021-07-17 08:36:33.692397,education,22.6
2020-06-17 08:36:33.692397,food,31.61
2021-11-10 08:36:33.692397,housing,92.31
2022-03-09 08:36:33.692397,housing,62.7
2020-12-30 08:36:33.692397,education,23.04
2021-11-17 08:36:33.692397,education,31.84
2019-05-19 08:36:33.692397,entertainment,36.95
2020-05-22 08:36:33.692397,entertainment,27.98
2020-10-22 08:36:33.692397,entertainment,33.52
2019-08-27 08:36:33.692397,miscellaneous,16.25
2020-12-08 08:36:33.692397,housing,37.39
2020-07-10 08:36:33.692397,education,15.33
2022-08-13 08:36:33.692397,miscellaneous,34.63
2022-05-24 08:36:33.692397,education,18.24
2019-05-13 08:36:33.692397,transportation,32.77
2020-05-28 08:36:33.692397,transportation,14.14
2020-05-18 08:36:33.692397,miscellaneous,29.43
2024-01-13 08:36:33.692397,utilities,4.29
2024-01-10 08:36:33.692397,utilities,16.24
2021-08-16 08:36:33.692397,housing,111.46
2024-03-15 08:36:33.692397,housing,68.67
2023-10-02 08:36:33.692397,miscellaneous,12.81
2022-09-25 08:36:33.692397,housing,101.33
2019-08-31 08:36:33.692397,food,65.72
2023-04-02 08:36:33.692397,food,41.91
2022-12-19 08:36:33.692397,utilities,5.93
2023-05-25 08:36:33.692397,education,21.83
2022-09-02 08:36:33.692397,housing,51.2
2022-12-07 08:36:33.692397,education,20.46
2020-07-19 08:36:33.692397,housing,23.28
2024-03-13 08:36:33.692397,housing,85.86
2022-12-11 08:36:33.692397,miscellaneous,4.11
2023-05-02 08:36:33.692397,miscellaneous,11.41
2019-10-15 08:36:33.692397,housing,84.37
2021-07-23 08:36:33.692397,miscellaneous,23.22
2022-07-04 08:36:33.692397,food,63.41
2022-06-30 08:36:33.692397,food,53.44
2023-06-12 08:36:33.692397,transportation,6.02
2023-06-28 08:36:33.692397,transportation,34.76
2021-03-04 08:36:33.692397,education,9.79
2023-10-17 08:36:33.692397,miscellaneous,24.84
2023-11-25 08:36:33.692397,housing,45.76
2021-04-02 08:36:33.692397,education,15.04
2020-08-26 08:36:33.692397,housing,91.66
2021-02-12 08:36:33.692397,housing,96.46
2023-07-31 08:36:33.692397,food,32.25
2019-08-07 08:36:33.692397,housing,61.94
2023-01-12 08:36:33.692397,housing,116.27
2021-06-26 08:36:33.692397,housing,70.12
2023-05-19 08:36:33.692397,food,77.22
2019-10-21 08:36:33.692397,entertainment,15.33
2020-08-26 08:36:33.692397,housing,84.86
2023-06-24 08:36:33.692397,entertainment,10.2
2020-02-11 08:36:33.692397,housing,44.72
2023-12-04 08:36:33.692397,education,20.23
2022-02-15 08:36:33.692397,housing,70.41
2021-07-18 08:36:33.692397,miscellaneous,8.28
2023-11-22 08:36:33.692397,food,50.38
2019-05-08 08:36:33.692397,healthcare,13.98
2022-06-07 08:36:33.692397,transportation,10.33
2022-12-12 08:36:33.692397,education,22.3
2023-06-07 08:36:33.692397,miscellaneous,30.49
2021-11-12 08:36:33.692397,food,28.21
2019-06-16 08:36:33.692397,miscellaneous,32.76
2022-05-06 08:36:33.692397,housing,26.15
2022-01-18 08:36:33.692397,food,19.4
2020-07-10 08:36:33.692397,transportation,14.13
2022-12-11 08:36:33.692397,utilities,2.83
2022-10-07 08:36:33.692397,miscellaneous,37.96
2023-02-19 08:36:33.692397,transportation,33.65
2021-02-07 08:36:33.692397,housing,76.21
2020-11-26 08:36:33.692397,food,69.3
2020-08-19 08:36:33.692397,miscellaneous,8.76
2022-08-25 08:36:33.692397,food,12.9
2020-04-03 08:36:33.692397,entertainment,23.13
2022-12-17 08:36:33.692397,entertainment,14.93
2022-11-10 08:36:33.692397,housing,22.4
2022-03-15 08:36:33.692397,education,10.85
2022-01-19 08:36:33.692397,transportation,29.95
2019-08-24 08:36:33.692397,housing,43.04
2020-03-21 08:36:33.692397,housing,56.45
2022-04-28 08:36:33.692397,miscellaneous,38.36
2021-01-12 08:36:33.692397,miscellaneous,23.32
2021-01-24 08:36:33.692397,education,14.32
2020-01-14 08:36:33.692397,utilities,12.61
2023-03-29 08:36:33.692397,entertainment,29.88
2023-05-17 08:36:33.692397,entertainment,11.82
2023-05-26 08:36:33.692397,miscellaneous,29.16
2024-04-04 08:36:33.692397,food,13.25
2019-04-16 08:36:33.692397,food,66.42
2021-03-28 08:36:33.692397,miscellaneous,35.48
2022-09-03 08:36:33.692397,utilities,17.55
2023-01-18 08:36:33.692397,entertainment,19.72
2021-03-28 08:36:33.692397,utilities,9.29
2020-11-05 08:36:33.692397,transportation,19.39
2023-06-12 08:36:33.692397,entertainment,19.86
2021-10-20 08:36:33.692397,housing,98.55
2021-01-03 08:36:33.692397,education,21.26
2024-03-09 08:36:33.692397,food,57.1
2021-08-30 08:36:33.692397,food,24.78
2021-02-03 08:36:33.692397,entertainment,26.78
2021-10-13 08:36:33.692397,utilities,6.56
2019-09-25 08:36:33.692397,housing,13.57
2019-12-20 08:36:33.692397,miscellaneous,25.31
2021-08-28 08:36:33.692397,utilities,8.05
2022-07-31 08:36:33.692397,housing,99.0
2023-07-22 08:36:33.692397,entertainment,4.99
2021-06-25 08:36:33.692397,miscellaneous,10.57
2022-03-18 08:36:33.692397,food,60.4
2023-07-18 08:36:33.692397,entertainment,37.8
2021-08-14 08:36:33.692397,housing,46.16
2022-05-14 08:36:33.692397,food,35.29
2021-12-06 08:36:33.692397,entertainment,25.67
2022-12-23 08:36:33.692397,miscellaneous,23.71
2022-01-16 08:36:33.692397,housing,53.11
2022-10-06 08:36:33.692397,food,32.67
2022-04-01 08:36:33.692397,housing,103.76
2023-09-07 08:36:33.692397,education,9.02
2020-11-28 08:36:33.692397,education,32.28
2021-07-07 08:36:33.692397,food,13.9
2019-07-09 08:36:33.692397,food,28.31
2020-08-24 08:36:33.692397,miscellaneous,14.72
2021-06-09 08:36:33.692397,entertainment,6.88
2022-12-06 08:36:33.692397,utilities,8.77
2020-04-30 08:36:33.692397,entertainment,31.32
2023-02-28 08:36:33.692397,food,68.49
2021-11-10 08:36:33.692397,healthcare,3.22
2019-12-30 08:36:33.692397,entertainment,16.4
2023-01-18 08:36:33.692397,entertainment,7.4
2021-05-05 08:36:33.692397,housing,30.39
2021-07-22 08:36:33.692397,miscellaneous,18.18
2021-09-17 08:36:33.692397,miscellaneous,20.45
2021-08-25 08:36:33.692397,utilities,7.03
2019-05-08 08:36:33.692397,entertainment,14.13
2023-12-28 08:36:33.692397,food,48.07
2020-09-01 08:36:33.692397,healthcare,11.37
2021-03-19 08:36:33.692397,education,36.04
2023-09-18 08:36:33.692397,entertainment,10.99
2020-02-09 08:36:33.692397,entertainment,27.9
2019-07-04 08:36:33.692397,housing,36.61
2024-02-03 08:36:33.692397,education,25.68
2024-01-07 08:36:33.692397,food,46.42
2020-07-12 08:36:33.692397,miscellaneous,35.83
2021-05-13 08:36:33.692397,entertainment,20.31
2021-09-17 08:36:33.692397,food,47.48
2020-04-24 08:36:33.692397,housing,26.76
2023-12-09 08:36:33.692397,food,21.1
2023-03-24 08:36:33.692397,housing,47.28
2020-02-20 08:36:33.692397,utilities,5.91
2019-05-20 08:36:33.692397,education,31.4
2022-11-30 08:36:33.692397,housing,75.16
2022-04-27 08:36:33.692397,entertainment,34.79
2023-03-27 08:36:33.692397,transportation,31.8
2019-06-13 08:36:33.692397,healthcare,14.86
2023-12-14 08:36:33.692397,miscellaneous,19.44
2023-09-24 08:36:33.692397,healthcare,15.76
2020-05-15 08:36:33.692397,transportation,25.5
2021-08-02 08:36:33.692397,housing,47.67
2023-11-24 08:36:33.692397,food,30.34
2020-11-30 08:36:33.692397,housing,97.21
2023-09-19 08:36:33.692397,food,8.68
2021-05-20 08:36:33.692397,transportation,33.72
2019-07-26 08:36:33.692397,housing,42.46
2023-01-22 08:36:33.692397,transportation,20.29
2021-12-19 08:36:33.692397,entertainment,27.35
2023-06-30 08:36:33.692397,miscellaneous,11.72
2019-08-19 08:36:33.692397,housing,96.9
2019-05-07 08:36:33.692397,miscellaneous,16.33
2019-04-20 08:36:33.692397,food,64.0
2019-11-17 08:36:33.692397,housing,107.7
2020-11-02 08:36:33.692397,housing,103.53
2023-02-11 08:36:33.692397,housing,93.93
2019-06-10 08:36:33.692397,miscellaneous,39.36
2020-06-16 08:36:33.692397,food,15.98
2021-08-23 08:36:33.692397,food,43.97
2024-03-08 08:36:33.692397,food,20.28
2020-10-24 08:36:33.692397,food,29.85
2019-05-15 08:36:33.692397,food,32.43
2022-11-15 08:36:33.692397,food,58.35
2021-10-02 08:36:33.692397,education,11.38
2023-12-13 08:36:33.692397,education,10.97
2022-11-28 08:36:33.692397,miscellaneous,18.52
2022-06-15 08:36:33.692397,housing,37.98
2020-04-25 08:36:33.692397,housing,118.97
2022-01-23 08:36:33.692397,entertainment,24.4
2022-08-23 08:36:33.692397,utilities,9.54
2022-06-02 08:36:33.692397,housing,75.65
2022-05-19 08:36:33.692397,miscellaneous,14.98
2023-11-27 08:36:33.692397,food,63.03
2022-07-29 08:36:33.692397,transportation,15.41
2020-04-05 08:36:33.692397,miscellaneous,7.44
2022-06-26 08:36:33.692397,housing,86.42
2019-06-29 08:36:33.692397,food,58.42
2019-08-05 08:36:33.692397,food,11.72
2023-11-10 08:36:33.692397,utilities,9.8
2020-10-14 08:36:33.692397,housing,73.13
2024-02-12 08:36:33.692397,food,78.13
2022-01-21 08:36:33.692397,housing,53.41
2022-05-31 08:36:33.692397,food,73.01
2023-07-21 08:36:33.692397,housing,44.71
2023-02-07 08:36:33.692397,entertainment,9.14
2020-06-30 08:36:33.692397,education,32.85
2024-03-01 08:36:33.692397,food,14.19
2019-10-14 08:36:33.692397,healthcare,11.66
2020-08-25 08:36:33.692397,housing,112.8
2021-01-10 08:36:33.692397,food,67.26
2022-03-28 08:36:33.692397,housing,107.4
2023-06-21 08:36:33.692397,housing,56.94
2020-09-09 08:36:33.692397,housing,104.44
2023-10-08 08:36:33.692397,housing,29.56
2022-09-09 08:36:33.692397,housing,12.25
2020-12-21 08:36:33.692397,food,69.23
2019-09-25 08:36:33.692397,entertainment,23.66
2021-04-16 08:36:33.692397,miscellaneous,28.92
2019-09-08 08:36:33.692397,housing,43.55
2021-05-01 08:36:33.692397,utilities,4.67
2019-06-13 08:36:33.692397,transportation,26.96
2022-11-15 08:36:33.692397,food,77.99
2024-02-17 08:36:33.692397,food,65.44
2019-06-13 08:36:33.692397,entertainment,35.85
2021-12-06 08:36:33.692397,housing,14.74
2022-08-07 08:36:33.692397,entertainment,9.98
2022-08-26 08:36:33.692397,miscellaneous,15.83
2024-01-26 08:36:33.692397,housing,12.74
2023-10-11 08:36:33.692397,housing,38.48
2019-09-01 08:36:33.692397,food,63.87
2022-10-01 08:36:33.692397,entertainment,29.11
2019-12-01 08:36:33.692397,food,70.92
2024-01-12 08:36:33.692397,entertainment,18.83
2023-08-21 08:36:33.692397,entertainment,5.94
2024-02-07 08:36:33.692397,housing,25.97
2023-01-24 08:36:33.692397,housing,46.26
2019-05-03 08:36:33.692397,entertainment,14.4
2023-04-09 08:36:33.692397,housing,42.32
2020-08-24 08:36:33.692397,entertainment,30.75
2024-01-11 08:36:33.692397,housing,77.26
2023-11-21 08:36:33.692397,food,11.21
2023-09-11 08:36:33.692397,food,73.87
2019-10-17 08:36:33.692397,education,21.8
2022-04-02 08:36:33.692397,miscellaneous,26.63
2021-07-09 08:36:33.692397,housing,12.64
2020-09-29 08:36:33.692397,transportation,15.23
2020-10-22 08:36:33.692397,housing,73.4
2021-11-08 08:36:33.692397,food,26.48
2019-12-26 08:36:33.692397,housing,56.56
2021-03-14 08:36:33.692397,housing,33.79
2020-02-23 08:36:33.692397,miscellaneous,30.87
2021-06-24 08:36:33.692397,miscellaneous,39.49
2019-10-30 08:36:33.692397,transportation,38.97
2021-09-11 08:36:33.692397,education,39.88
2021-09-26 08:36:33.692397,food,65.36
2024-03-25 08:36:33.692397,education,32.09
2021-05-16 08:36:33.692397,entertainment,23.77
2021-12-24 08:36:33.692397,transportation,6.24
2021-01-01 08:36:33.692397,entertainment,21.09
2019-07-10 08:36:33.692397,housing,87.01
2023-10-19 08:36:33.692397,housing,76.69
2023-08-12 08:36:33.692397,entertainment,37.63
2024-03-06 08:36:33.692397,housing,53.94
2023-06-05 08:36:33.692397,housing,84.39
2021-06-18 08:36:33.692397,miscellaneous,30.35
2023-04-15 08:36:33.692397,entertainment,39.39
2021-01-02 08:36:33.692397,miscellaneous,20.52
2023-09-09 08:36:33.692397,housing,90.53
2021-09-16 08:36:33.692397,food,30.38
2021-06-24 08:36:33.692397,housing,102.92
2023-08-17 08:36:33.692397,housing,87.02
2019-10-18 08:36:33.692397,housing,96.33
2021-05-17 08:36:33.692397,utilities,16.43
2020-05-18 08:36:33.692397,transportation,32.43
2021-12-10 08:36:33.692397,housing,37.47
2023-04-20 08:36:33.692397,education,6.68
2019-10-23 08:36:33.692397,entertainment,16.93
2020-06-14 08:36:33.692397,education,23.68
2023-02-07 08:36:33.692397,healthcare,14.12
2021-09-08 08:36:33.692397,food,11.77
2022-01-27 08:36:33.692397,food,50.22
2022-05-29 08:36:33.692397,food,74.77
2022-12-26 08:36:33.692397,miscellaneous,18.72
2021-06-20 08:36:33.692397,miscellaneous,26.06
2019-11-27 08:36:33.692397,housing,67.34
2020-09-29 08:36:33.692397,transportation,17.68
2022-02-04 08:36:33.692397,housing,95.22
2024-02-22 08:36:33.692397,entertainment,23.68
2019-11-16 08:36:33.692397,education,12.51
2024-02-14 08:36:33.692397,entertainment,22.09
2023-07-13 08:36:33.692397,utilities,19.84
2019-04-17 08:36:33.692397,transportation,25.48
2021-04-17 08:36:33.692397,housing,70.98
2024-03-03 08:36:33.692397,healthcare,7.37
2021-12-01 08:36:33.692397,transportation,38.96
2022-12-04 08:36:33.692397,housing,103.19
2024-02-24 08:36:33.692397,education,39.67
2019-12-19 08:36:33.692397,miscellaneous,19.81
2023-05-15 08:36:33.692397,healthcare,4.5
2022-04-15 08:36:33.692397,housing,76.38
2024-03-13 08:36:33.692397,food,20.59
2023-11-18 08:36:33.692397,housing,60.4
2019-05-25 08:36:33.692397,entertainment,13.18
2023-12-01 08:36:33.692397,housing,37.01
2021-08-23 08:36:33.692397,education,23.22
2023-08-22 08:36:33.692397,transportation,5.45
2021-09-04 08:36:33.692397,housing,93.2
2021-11-03 08:36:33.692397,housing,65.37
2022-12-22 08:36:33.692397,entertainment,23.11
2020-09-11 08:36:33.692397,housing,63.19
2020-11-16 08:36:33.692397,education,22.95
2022-07-25 08:36:33.692397,food,54.99
2020-11-27 08:36:33.692397,food,62.42
2020-01-21 08:36:33.692397,healthcare,10.74
2024-03-12 08:36:33.692397,housing,112.82
2020-08-18 08:36:33.692397,transportation,37.49
2022-01-10 08:36:33.692397,food,44.37
2020-08-19 08:36:33.692397,entertainment,14.38
2019-05-02 08:36:33.692397,food,52.96
2021-02-24 08:36:33.692397,food,51.26
2021-02-20 08:36:33.692397,miscellaneous,6.35
2023-07-12 08:36:33.692397,education,26.78
2021-01-27 08:36:33.692397,housing,40.26
2021-02-15 08:36:33.692397,miscellaneous,16.28
2022-01-25 08:36:33.692397,housing,22.78
2019-08-09 08:36:33.692397,housing,98.54
2023-09-16 08:36:33.692397,healthcare,5.74
2020-06-15 08:36:33.692397,housing,78.96
2020-01-12 08:36:33.692397,housing,94.48
2022-01-13 08:36:33.692397,entertainment,23.43
2021-12-31 08:36:33.692397,food,35.2
2021-05-17 08:36:33.692397,housing,41.69
2022-09-06 08:36:33.692397,housing,58.87
2021-07-03 08:36:33.692397,miscellaneous,6.48
2019-11-23 08:36:33.692397,utilities,10.67
2022-10-11 08:36:33.692397,miscellaneous,7.71
2019-12-31 08:36:33.692397,housing,101.24
2023-12-23 08:36:33.692397,miscellaneous,31.56
2021-01-25 08:36:33.692397,housing,47.13
2020-12-05 08:36:33.692397,housing,84.06
2023-07-24 08:36:33.692397,transportation,32.1
2021-03-24 08:36:33.692397,food,53.3
2024-03-10 08:36:33.692397,utilities,3.94
2021-04-04 08:36:33.692397,miscellaneous,35.62
2024-01-10 08:36:33.692397,food,20.87
2021-10-26 08:36:33.692397,entertainment,4.3
2022-10-05 08:36:33.692397,housing,67.05
2019-04-26 08:36:33.692397,food,79.07
2022-07-31 08:36:33.692397,housing,102.54
2019-10-15 08:36:33.692397,miscellaneous,33.72
2019-08-28 08:36:33.692397,education,38.39
2022-09-10 08:36:33.692397,housing,96.73
2022-02-21 08:36:33.692397,education,32.74
2019-11-07 08:36:33.692397,food,40.97
2022-01-05 08:36:33.692397,miscellaneous,16.45
2020-07-20 08:36:33.692397,education,10.05
2021-11-04 08:36:33.692397,entertainment,15.44
2023-02-09 08:36:33.692397,utilities,13.97
2021-03-19 08:36:33.692397,housing,113.51
2019-06-27 08:36:33.692397,food,63.83
2023-08-06 08:36:33.692397,education,8.25
2022-09-08 08:36:33.692397,housing,73.9
2023-06-05 08:36:33.692397,healthcare,3.81
2021-07-15 08:36:33.692397,education,21.24
2020-11-17 08:36:33.692397,food,34.38
2023-07-15 08:36:33.692397,education,17.97
2022-08-23 08:36:33.692397,housing,54.79
2021-08-06 08:36:33.692397,education,22.32
2020-03-22 08:36:33.692397,food,41.83
2019-06-04 08:36:33.692397,education,10.65
2020-03-10 08:36:33.692397,housing,104.85
2023-12-18 08:36:33.692397,entertainment,11.72
2019-12-02 08:36:33.692397,healthcare,6.67
2024-01-31 08:36:33.692397,food,61.11
2021-06-29 08:36:33.692397,transportation,23.91
2020-08-30 08:36:33.692397,housing,71.43
2021-05-31 08:36:33.692397,miscellaneous,12.54
2021-04-28 08:36:33.692397,entertainment,26.84
2021-06-08 08:36:33.692397,food,34.75
2020-07-27 08:36:33.692397,miscellaneous,24.01
2021-03-20 08:36:33.692397,housing,38.32
2020-02-07 08:36:33.692397,housing,89.01
2023-06-22 08:36:33.692397,housing,91.32
2020-04-22 08:36:33.692397,housing,53.05
2020-08-02 08:36:33.692397,food,18.01
2020-09-03 08:36:33.692397,housing,30.43
2019-07-06 08:36:33.692397,housing,25.36
2021-02-13 08:36:33.692397,housing,66.85
2019-04-10 08:36:33.692397,entertainment,11.04
2020-11-28 08:36:33.692397,housing,38.54
2020-09-12 08:36:33.692397,entertainment,11.01
2024-01-20 08:36:33.692397,food,30.38
2021-08-01 08:36:33.692397,housing,111.61
2023-10-27 08:36:33.692397,education,38.11
2019-11-19 08:36:33.692397,food,71.81
2020-11-17 08:36:33.692397,housing,55.15
2019-07-26 08:36:33.692397,healthcare,3.33
2020-10-08 08:36:33.692397,healthcare,12.41
2020-10-03 08:36:33.692397,housing,114.87
2022-08-27 08:36:33.692397,entertainment,20.15
2022-08-07 08:36:33.692397,entertainment,6.65
2022-07-11 08:36:33.692397,miscellaneous,26.64
2024-01-20 08:36:33.692397,education,21.65
2020-12-11 08:36:33.692397,miscellaneous,9.46
2023-02-23 08:36:33.692397,utilities,10.12
2022-08-02 08:36:33.692397,housing,40.42
2022-12-14 08:36:33.692397,food,48.08
2020-11-23 08:36:33.692397,healthcare,11.96
2023-01-16 08:36:33.692397,food,17.7
2020-09-12 08:36:33.692397,miscellaneous,38.82
2022-03-22 08:36:33.692397,housing,80.28
2022-10-10 08:36:33.692397,housing,69.51
2020-01-09 08:36:33.692397,housing,54.9
2022-01-01 08:36:33.692397,transportation,11.86
2019-04-16 08:36:33.692397,food,62.36
2023-04-19 08:36:33.692397,miscellaneous,22.41
2021-09-12 08:36:33.692397,healthcare,10.16
2021-06-08 08:36:33.692397,transportation,24.61
2020-05-20 08:36:33.692397,housing,111.88
2024-03-02 08:36:33.692397,housing,12.21
2023-08-16 08:36:33.692397,entertainment,31.86
2021-08-24 08:36:33.692397,education,15.16
2022-06-21 08:36:33.692397,entertainment,23.46
2019-08-20 08:36:33.692397,housing,97.26
2023-10-10 08:36:33.692397,transportation,14.13
2022-10-04 08:36:33.692397,transportation,5.64
2023-09-13 08:36:33.692397,miscellaneous,9.31
2023-04-20 08:36:33.692397,housing,30.79
2019-11-12 08:36:33.692397,miscellaneous,37.16
2020-12-14 08:36:33.692397,transportation,20.28
2023-03-08 08:36:33.692397,food,74.01
2023-08-15 08:36:33.692397,education,10.87
2020-11-02 08:36:33.692397,housing,69.09
2022-09-06 08:36:33.692397,entertainment,24.75
2019-05-30 08:36:33.692397,utilities,4.04
2022-12-20 08:36:33.692397,entertainment,20.61
2020-05-15 08:36:33.692397,housing,16.02
2022-07-05 08:36:33.692397,housing,90.73
2022-03-02 08:36:33.692397,food,65.37
2019-05-23 08:36:33.692397,food,52.14
2019-06-11 08:36:33.692397,housing,64.42
2020-04-21 08:36:33.692397,education,21.53
2020-09-25 08:36:33.692397,miscellaneous,12.82
2021-09-02 08:36:33.692397,miscellaneous,13.99
2021-01-08 08:36:33.692397,food,78.09
2021-08-14 08:36:33.692397,education,4.66
2022-07-01 08:36:33.692397,entertainment,10.28
2019-10-22 08:36:33.692397,utilities,6.31
2021-01-10 08:36:33.692397,entertainment,12.94
2020-05-17 08:36:33.692397,education,35.71
2023-10-18 08:36:33.692397,housing,105.98
2022-05-29 08:36:33.692397,healthcare,13.18
2024-02-04 08:36:33.692397,food,76.85
2020-08-06 08:36:33.692397,housing,41.66
2023-03-25 08:36:33.692397,education,9.48
2024-03-07 08:36:33.692397,housing,93.0
2022-09-30 08:36:33.692397,transportation,36.58
2020-04-19 08:36:33.692397,food,63.47
2019-05-25 08:36:33.692397,housing,25.29
2021-08-24 08:36:33.692397,education,22.08
2023-05-12 08:36:33.692397,food,58.35
2024-01-07 08:36:33.692397,transportation,35.01
2023-05-15 08:36:33.692397,healthcare,11.47
2020-06-21 08:36:33.692397,transportation,17.0
2023-01-26 08:36:33.692397,food,58.11
2020-09-18 08:36:33.692397,healthcare,4.46
2020-04-19 08:36:33.692397,food,29.25
2021-01-18 08:36:33.692397,miscellaneous,8.45
2023-12-03 08:36:33.692397,education,27.36
2024-01-10 08:36:33.692397,housing,27.01
2020-05-08 08:36:33.692397,miscellaneous,10.17
2020-08-29 08:36:33.692397,transportation,4.92
2020-12-18 08:36:33.692397,food,51.45
2020-06-20 08:36:33.692397,housing,37.6
2022-11-26 08:36:33.692397,housing,117.05
2022-07-28 08:36:33.692397,utilities,4.75
2020-10-09 08:36:33.692397,utilities,3.34
2023-10-12 08:36:33.692397,entertainment,20.87
2022-03-05 08:36:33.692397,food,10.61
2023-01-26 08:36:33.692397,housing,119.24
2021-04-02 08:36:33.692397,entertainment,30.83
2022-07-28 08:36:33.692397,miscellaneous,33.01
2021-08-29 08:36:33.692397,utilities,12.69
2020-05-26 08:36:33.692397,food,50.35
2020-06-09 08:36:33.692397,healthcare,6.92
2020-10-08 08:36:33.692397,housing,84.15
2022-06-26 08:36:33.692397,education,7.82
2019-08-29 08:36:33.692397,housing,68.22
2021-12-21 08:36:33.692397,food,46.05
2020-06-30 08:36:33.692397,housing,83.5
2023-09-17 08:36:33.692397,transportation,20.28
2021-01-01 08:36:33.692397,housing,64.98
2023-03-07 08:36:33.692397,transportation,20.32
2019-05-19 08:36:33.692397,housing,46.07
2022-04-26 08:36:33.692397,miscellaneous,34.37
2020-06-11 08:36:33.692397,food,32.05
2021-12-17 08:36:33.692397,food,72.79
2023-02-16 08:36:33.692397,healthcare,14.54
2021-01-26 08:36:33.692397,miscellaneous,8.92
2022-01-08 08:36:33.692397,miscellaneous,29.14
2019-04-25 08:36:33.692397,healthcare,5.37
2022-04-15 08:36:33.692397,food,77.27
2019-06-28 08:36:33.692397,education,35.45
2022-01-24 08:36:33.692397,housing,14.93
2019-11-27 08:36:33.692397,miscellaneous,35.05
2022-08-28 08:36:33.692397,transportation,12.41
2023-10-06 08:36:33.692397,food,31.13
2020-07-19 08:36:33.692397,food,60.81
2023-07-16 08:36:33.692397,housing,67.29
2020-09-22 08:36:33.692397,food,15.97
2022-12-08 08:36:33.692397,food,73.05
2019-04-17 08:36:33.692397,food,26.91
2023-08-13 08:36:33.692397,transportation,31.9
2023-02-11 08:36:33.692397,miscellaneous,37.93
2023-02-27 08:36:33.692397,entertainment,27.02
2021-10-13 08:36:33.692397,housing,95.79
2023-04-26 08:36:33.692397,transportation,26.11
2019-05-17 08:36:33.692397,housing,33.67
2019-08-05 08:36:33.692397,miscellaneous,9.61
2020-11-29 08:36:33.692397,housing,13.73
2022-06-04 08:36:33.692397,transportation,9.66
2020-09-01 08:36:33.692397,housing,90.91
2024-02-02 08:36:33.692397,utilities,6.1
2020-06-02 08:36:33.692397,education,36.52
2020-06-29 08:36:33.692397,education,22.46
2023-05-09 08:36:33.692397,education,10.86
2021-12-13 08:36:33.692397,healthcare,5.66
2023-08-08 08:36:33.692397,housing,38.73
2023-03-05 08:36:33.692397,housing,111.31
2022-10-01 08:36:33.692397,housing,76.41
2019-07-07 08:36:33.692397,food,35.22
2021-11-04 08:36:33.692397,housing,73.72
2023-10-13 08:36:33.692397,miscellaneous,20.29
2019-04-21 08:36:33.692397,food,21.32
2023-02-06 08:36:33.692397,food,39.95
2021-07-28 08:36:33.692397,healthcare,16.53
2021-05-06 08:36:33.692397,utilities,7.09
2023-07-01 08:36:33.692397,transportation,6.0
2022-09-01 08:36:33.692397,miscellaneous,13.3
2020-01-20 08:36:33.692397,education,21.34
2023-12-27 08:36:33.692397,transportation,36.52
2023-01-23 08:36:33.692397,entertainment,33.62
2024-02-15 08:36:33.692397,housing,117.74
2024-01-11 08:36:33.692397,entertainment,15.17
2019-10-04 08:36:33.692397,housing,15.3
2019-06-02 08:36:33.692397,entertainment,8.02
2020-08-22 08:36:33.692397,miscellaneous,25.18
2021-07-01 08:36:33.692397,housing,39.62
2020-06-29 08:36:33.692397,transportation,36.07
2020-06-27 08:36:33.692397,food,20.46
2021-08-16 08:36:33.692397,transportation,9.48
2024-01-02 08:36:33.692397,food,32.13
2020-08-20 08:36:33.692397,transportation,32.09
2022-10-04 08:36:33.692397,housing,71.15
2020-01-01 08:36:33.692397,transportation,4.66
2019-11-06 08:36:33.692397,utilities,2.15
2023-03-04 08:36:33.692397,housing,41.77
2019-06-12 08:36:33.692397,housing,29.14
2024-02-25 08:36:33.692397,education,11.49
2022-11-28 08:36:33.692397,entertainment,28.75
2023-04-21 08:36:33.692397,food,63.94
2023-08-03 08:36:33.692397,entertainment,12.35
2023-03-21 08:36:33.692397,entertainment,13.4
2023-09-03 08:36:33.692397,housing,45.0
2021-05-17 08:36:33.692397,transportation,36.19
2022-05-13 08:36:33.692397,transportation,22.57
2021-03-17 08:36:33.692397,food,13.1
2019-06-26 08:36:33.692397,food,73.82
2020-03-07 08:36:33.692397,utilities,9.85
2023-02-09 08:36:33.692397,housing,87.52
2023-03-11 08:36:33.692397,utilities,14.55
2021-08-29 08:36:33.692397,food,26.97
2019-10-08 08:36:33.692397,transportation,35.16
2021-09-06 08:36:33.692397,housing,56.29
2024-02-13 08:36:33.692397,education,4.93
2019-11-16 08:36:33.692397,housing,100.64
2021-10-11 08:36:33.692397,housing,92.0
2020-10-18 08:36:33.692397,housing,43.12
2022-01-06 08:36:33.692397,food,25.45
2019-11-24 08:36:33.692397,food,42.47
2023-05-28 08:36:33.692397,entertainment,11.5
2023-01-21 08:36:33.692397,utilities,7.15
2022-03-22 08:36:33.692397,miscellaneous,5.98
2023-10-21 08:36:33.692397,transportation,22.84
2021-01-07 08:36:33.692397,healthcare,14.42
2022-06-13 08:36:33.692397,housing,69.14
2024-02-22 08:36:33.692397,entertainment,21.8
2020-03-04 08:36:33.692397,transportation,4.48
2021-08-13 08:36:33.692397,food,32.55
2023-04-25 08:36:33.692397,housing,35.54
2024-01-13 08:36:33.692397,housing,50.65
2021-11-24 08:36:33.692397,housing,56.21
2022-07-30 08:36:33.692397,entertainment,26.37
2022-12-20 08:36:33.692397,education,4.18
2021-07-19 08:36:33.692397,transportation,10.88
2023-03-30 08:36:33.692397,food,29.92
2022-12-17 08:36:33.692397,food,53.98
2022-05-03 08:36:33.692397,transportation,38.22
2020-09-04 08:36:33.692397,education,15.93
2020-11-11 08:36:33.692397,miscellaneous,11.48
2021-04-02 08:36:33.692397,education,15.68
2022-12-04 08:36:33.692397,housing,68.65
2020-01-18 08:36:33.692397,food,22.39
2019-06-07 08:36:33.692397,food,66.28
2023-02-27 08:36:33.692397,transportation,27.93
2022-09-09 08:36:33.692397,entertainment,13.71
2021-12-25 08:36:33.692397,food,28.1
2022-01-05 08:36:33.692397,housing,48.82
2022-08-31 08:36:33.692397,miscellaneous,20.02
2021-07-05 08:36:33.692397,transportation,19.58
2022-01-07 08:36:33.692397,education,16.23
2022-01-20 08:36:33.692397,miscellaneous,16.09
2019-10-30 08:36:33.692397,food,21.81
2020-03-13 08:36:33.692397,food,38.64
2022-04-28 08:36:33.692397,housing,67.46
2020-09-28 08:36:33.692397,housing,59.53
2020-02-06 08:36:33.692397,entertainment,34.02
2020-12-14 08:36:33.692397,housing,91.59
2022-08-26 08:36:33.692397,entertainment,22.04
2022-10-17 08:36:33.692397,food,28.36
2022-12-18 08:36:33.692397,education,28.88
2021-12-29 08:36:33.692397,housing,72.65
2023-06-11 08:36:33.692397,entertainment,20.42
2020-05-16 08:36:33.692397,miscellaneous,10.44
2020-10-17 08:36:33.692397,housing,60.46
2022-12-09 08:36:33.692397,food,47.18
2020-03-08 08:36:33.692397,miscellaneous,30.49
2021-04-13 08:36:33.692397,housing,112.83
2021-07-24 08:36:33.692397,miscellaneous,6.8
2021-12-14 08:36:33.692397,entertainment,26.46
2020-04-09 08:36:33.692397,food,53.23
2021-06-06 08:36:33.692397,miscellaneous,33.07
2019-10-25 08:36:33.692397,miscellaneous,38.92
2020-07-02 08:36:33.692397,education,36.43
2024-02-26 08:36:33.692397,food,64.02
2022-12-09 08:36:33.692397,miscellaneous,19.26
2020-01-06 08:36:33.692397,transportation,26.18
2021-07-29 08:36:33.692397,food,11.9
2020-12-25 08:36:33.692397,housing,117.25
2020-07-01 08:36:33.692397,housing,100.01
2021-01-15 08:36:33.692397,education,29.45
2019-09-14 08:36:33.692397,miscellaneous,4.88
2020-08-15 08:36:33.692397,food,76.04
2019-09-18 08:36:33.692397,housing,91.9
2021-12-07 08:36:33.692397,entertainment,9.06
2019-12-24 08:36:33.692397,housing,94.6
2023-03-16 08:36:33.692397,education,32.83
2020-10-31 08:36:33.692397,miscellaneous,20.72
2019-06-01 08:36:33.692397,food,47.73
2020-03-23 08:36:33.692397,entertainment,6.51
2020-04-04 08:36:33.692397,food,56.5
2023-04-30 08:36:33.692397,housing,68.35
2019-07-06 08:36:33.692397,entertainment,19.43
2022-11-24 08:36:33.692397,miscellaneous,25.18
2019-11-13 08:36:33.692397,housing,88.06
2022-11-05 08:36:33.692397,housing,40.87
2024-03-21 08:36:33.692397,food,65.42
2021-01-29 08:36:33.692397,entertainment,38.37
2023-02-26 08:36:33.692397,entertainment,12.35
2023-09-26 08:36:33.692397,housing,12.58
2022-05-25 08:36:33.692397,education,28.61
2023-12-05 08:36:33.692397,miscellaneous,29.62
2020-05-21 08:36:33.692397,food,50.48
2020-11-23 08:36:33.692397,utilities,17.37
2021-03-03 08:36:33.692397,food,67.58
2024-01-14 08:36:33.692397,education,37.07
2023-01-17 08:36:33.692397,entertainment,38.25
2023-04-23 08:36:33.692397,housing,39.98
2019-09-10 08:36:33.692397,entertainment,33.57
2023-05-10 08:36:33.692397,miscellaneous,11.42
2024-03-06 08:36:33.692397,miscellaneous,38.24
2023-11-12 08:36:33.692397,housing,25.5
2024-01-31 08:36:33.692397,housing,91.07
2019-10-15 08:36:33.692397,food,74.87
2021-04-01 08:36:33.692397,housing,88.41
2022-12-17 08:36:33.692397,food,32.23
2023-05-26 08:36:33.692397,housing,58.88
2019-08-30 08:36:33.692397,entertainment,15.49
2020-09-27 08:36:33.692397,housing,65.96
2022-03-28 08:36:33.692397,healthcare,5.61
2022-08-17 08:36:33.692397,housing,13.08
2024-02-27 08:36:33.692397,food,61.31
2023-06-26 08:36:33.692397,entertainment,8.15
2022-09-28 08:36:33.692397,housing,29.22
2019-12-21 08:36:33.692397,food,53.3
2019-11-20 08:36:33.692397,housing,16.77
2021-07-07 08:36:33.692397,entertainment,20.92
2021-12-16 08:36:33.692397,food,51.73
2022-09-10 08:36:33.692397,food,75.04
2023-10-23 08:36:33.692397,entertainment,29.01
2020-02-19 08:36:33.692397,housing,48.82
2021-09-12 08:36:33.692397,housing,54.72
2022-12-28 08:36:33.692397,miscellaneous,10.94
2024-03-27 08:36:33.692397,education,34.04
2021-12-21 08:36:33.692397,transportation,14.97
2022-04-09 08:36:33.692397,entertainment,29.21
2020-05-24 08:36:33.692397,food,29.27
2023-01-02 08:36:33.692397,food,39.2
2021-07-30 08:36:33.692397,entertainment,28.37
2019-12-09 08:36:33.692397,education,26.43
2021-03-16 08:36:33.692397,food,9.61
2022-08-17 08:36:33.692397,housing,60.83
2022-04-23 08:36:33.692397,housing,63.01
2019-09-19 08:36:33.692397,education,11.33
2022-06-02 08:36:33.692397,entertainment,11.95
2021-06-04 08:36:33.692397,healthcare,13.37
2023-02-27 08:36:33.692397,miscellaneous,23.16
2019-06-09 08:36:33.692397,entertainment,20.47
2019-09-15 08:36:33.692397,food,57.45
2024-01-27 08:36:33.692397,food,50.33
2020-12-09 08:36:33.692397,education,32.15
2020-02-26 08:36:33.692397,housing,116.5
2023-07-28 08:36:33.692397,housing,41.28
2023-06-03 08:36:33.692397,food,79.97
2020-01-19 08:36:33.692397,utilities,5.93
2019-12-20 08:36:33.692397,housing,116.25
2022-11-24 08:36:33.692397,food,60.0
2021-06-11 08:36:33.692397,food,28.19
2022-07-08 08:36:33.692397,education,22.2
2020-08-06 08:36:33.692397,entertainment,4.63
2021-07-23 08:36:33.692397,food,79.35
2023-08-28 08:36:33.692397,housing,59.71
2024-02-13 08:36:33.692397,housing,105.7
2021-02-16 08:36:33.692397,entertainment,29.59
2019-08-18 08:36:33.692397,miscellaneous,8.04
2019-07-06 08:36:33.692397,healthcare,5.4
2022-05-05 08:36:33.692397,entertainment,21.12
2021-02-03 08:36:33.692397,education,36.49
2023-11-06 08:36:33.692397,housing,102.42
2023-05-13 08:36:33.692397,housing,74.45
2021-10-24 08:36:33.692397,transportation,20.59
2020-06-12 08:36:33.692397,housing,39.02
2020-02-25 08:36:33.692397,miscellaneous,25.95
2021-11-21 08:36:33.692397,food,49.57
2021-04-09 08:36:33.692397,housing,87.88
2023-10-27 08:36:33.692397,housing,56.55
2021-08-02 08:36:33.692397,transportation,39.25
2020-03-11 08:36:33.692397,healthcare,13.45
2021-11-11 08:36:33.692397,miscellaneous,34.78
2019-08-17 08:36:33.692397,education,25.76
2020-12-26 08:36:33.692397,housing,90.12
2022-09-19 08:36:33.692397,transportation,19.92
2023-09-21 08:36:33.692397,entertainment,35.69
2020-11-27 08:36:33.692397,entertainment,24.0
2021-02-17 08:36:33.692397,housing,92.19
2020-04-02 08:36:33.692397,utilities,15.96
2021-10-15 08:36:33.692397,education,19.87
2019-08-13 08:36:33.692397,healthcare,12.95
2021-05-17 08:36:33.692397,transportation,25.83
2022-01-30 08:36:33.692397,miscellaneous,37.2
2021-07-25 08:36:33.692397,miscellaneous,22.32
2021-05-05 08:36:33.692397,food,19.59
2022-08-19 08:36:33.692397,housing,76.42
2020-11-25 08:36:33.692397,housing,58.27
2020-11-29 08:36:33.692397,housing,54.44
2023-03-03 08:36:33.692397,food,57.37
2022-01-29 08:36:33.692397,housing,104.59
2023-06-29 08:36:33.692397,entertainment,32.2
2022-05-27 08:36:33.692397,food,57.67
2021-05-19 08:36:33.692397,food,78.19
2023-03-04 08:36:33.692397,housing,77.5
2023-05-29 08:36:33.692397,housing,43.9
2022-09-23 08:36:33.692397,transportation,28.12
2020-04-27 08:36:33.692397,food,65.98
2024-02-14 08:36:33.692397,entertainment,32.21
2020-07-18 08:36:33.692397,food,45.29
2023-04-22 08:36:33.692397,food,18.27
2022-05-29 08:36:33.692397,education,7.29
2024-03-20 08:36:33.692397,housing,64.67
2019-04-30 08:36:33.692397,food,13.92
2020-12-06 08:36:33.692397,transportation,19.98
2020-02-27 08:36:33.692397,transportation,22.45
2020-02-19 08:36:33.692397,housing,29.73
2021-11-15 08:36:33.692397,housing,25.13
2023-08-11 08:36:33.692397,housing,97.8
2019-06-11 08:36:33.692397,education,34.47
2019-11-17 08:36:33.692397,miscellaneous,20.37
2021-02-18 08:36:33.692397,housing,48.78
2023-12-15 08:36:33.692397,miscellaneous,8.44
2024-01-21 08:36:33.692397,housing,87.61
2024-01-31 08:36:33.692397,entertainment,33.41
2021-01-24 08:36:33.692397,transportation,13.87
2022-08-24 08:36:33.692397,healthcare,5.64
2024-03-03 08:36:33.692397,education,12.8
2021-07-24 08:36:33.692397,housing,29.99
2019-07-26 08:36:33.692397,utilities,2.21
2022-01-03 08:36:33.692397,housing,106.27
2020-10-09 08:36:33.692397,healthcare,7.06
2019-05-23 08:36:33.692397,entertainment,6.81
2023-08-07 08:36:33.692397,housing,103.03
2021-04-13 08:36:33.692397,housing,42.7
2022-02-22 08:36:33.692397,food,27.71
2023-12-17 08:36:33.692397,housing,27.13
2022-07-01 08:36:33.692397,transportation,24.81
2022-05-24 08:36:33.692397,education,37.54
2024-01-10 08:36:33.692397,utilities,8.04
2022-05-21 08:36:33.692397,miscellaneous,16.15
2020-09-07 08:36:33.692397,housing,105.99
2021-11-15 08:36:33.692397,healthcare,17.99
2019-11-20 08:36:33.692397,utilities,19.96
2021-06-12 08:36:33.692397,housing,81.53
2023-07-13 08:36:33.692397,entertainment,27.31
2022-11-07 08:36:33.692397,education,15.55
2021-08-25 08:36:33.692397,food,23.47
2021-07-29 08:36:33.692397,entertainment,36.91
2020-08-09 08:36:33.692397,miscellaneous,36.66
2019-12-13 08:36:33.692397,transportation,30.28
2022-06-17 08:36:33.692397,entertainment,38.52
2022-02-03 08:36:33.692397,transportation,39.35
2020-08-30 08:36:33.692397,housing,63.39
2020-02-28 08:36:33.692397,miscellaneous,17.45
2020-07-25 08:36:33.692397,food,78.11
2021-10-18 08:36:33.692397,utilities,7.79
2021-06-15 08:36:33.692397,housing,76.81
2021-03-22 08:36:33.692397,education,10.82
2022-08-22 08:36:33.692397,entertainment,25.63
2020-07-14 08:36:33.692397,food,44.26
2023-10-29 08:36:33.692397,education,8.77
2021-10-05 08:36:33.692397,food,67.31
2022-05-26 08:36:33.692397,entertainment,24.97
2021-03-09 08:36:33.692397,food,70.3
2020-07-04 08:36:33.692397,transportation,9.36
2024-02-12 08:36:33.692397,housing,83.37
2024-02-18 08:36:33.692397,miscellaneous,21.84
2020-07-24 08:36:33.692397,entertainment,31.14
2021-10-27 08:36:33.692397,housing,73.05
2020-09-03 08:36:33.692397,miscellaneous,23.49
2019-09-12 08:36:33.692397,utilities,8.26
2019-05-25 08:36:33.692397,housing,84.08
2023-11-27 08:36:33.692397,education,13.78
2019-12-13 08:36:33.692397,entertainment,15.29
2023-04-21 08:36:33.692397,housing,15.27
2024-04-01 08:36:33.692397,housing,73.91
2019-04-10 08:36:33.692397,entertainment,21.01
2020-03-25 08:36:33.692397,food,37.2
2021-06-03 08:36:33.692397,transportation,36.98
2022-05-23 08:36:33.692397,healthcare,8.49
2024-01-24 08:36:33.692397,miscellaneous,4.56
2021-09-23 08:36:33.692397,food,45.89
2021-01-10 08:36:33.692397,housing,42.87
2020-01-22 08:36:33.692397,education,23.01
2020-10-07 08:36:33.692397,entertainment,5.57
2024-02-16 08:36:33.692397,entertainment,31.19
2020-08-28 08:36:33.692397,food,52.73
2023-05-10 08:36:33.692397,food,31.46
2022-12-10 08:36:33.692397,housing,34.24
2019-12-21 08:36:33.692397,food,27.77
2020-05-21 08:36:33.692397,housing,75.2
2021-10-11 08:36:33.692397,food,57.77
2020-07-16 08:36:33.692397,food,30.65
2020-03-03 08:36:33.692397,transportation,31.1
2023-04-28 08:36:33.692397,housing,44.09
2019-05-14 08:36:33.692397,housing,81.89
2020-05-25 08:36:33.692397,housing,67.05
2019-04-16 08:36:33.692397,housing,111.76
2021-07-31 08:36:33.692397,food,73.19
2021-01-14 08:36:33.692397,housing,88.05
2021-03-14 08:36:33.692397,transportation,29.52
2022-05-01 08:36:33.692397,housing,91.95
2021-03-04 08:36:33.692397,healthcare,15.39
2022-05-19 08:36:33.692397,food,79.63
2019-06-22 08:36:33.692397,housing,35.42
2021-05-17 08:36:33.692397,housing,25.07
2020-06-13 08:36:33.692397,housing,57.92
2023-11-25 08:36:33.692397,healthcare,16.94
2023-02-12 08:36:33.692397,entertainment,36.13
2019-09-03 08:36:33.692397,entertainment,39.82
2023-05-02 08:36:33.692397,education,12.07
2022-03-10 08:36:33.692397,entertainment,6.12
2022-04-13 08:36:33.692397,housing,108.59
2019-12-12 08:36:33.692397,food,22.18
2020-07-06 08:36:33.692397,housing,47.84
2020-03-14 08:36:33.692397,education,10.97
2024-01-18 08:36:33.692397,entertainment,19.14
2023-01-29 08:36:33.692397,miscellaneous,6.33
2022-07-21 08:36:33.692397,housing,35.14
2021-09-10 08:36:33.692397,housing,91.36
2019-05-02 08:36:33.692397,education,10.49
2022-03-04 08:36:33.692397,food,68.26
2021-10-07 08:36:33.692397,entertainment,19.61
2019-07-12 08:36:33.692397,entertainment,7.72
2020-08-07 08:36:33.692397,miscellaneous,37.76
2023-08-22 08:36:33.692397,utilities,10.06
2021-06-26 08:36:33.692397,miscellaneous,34.73
2023-01-09 08:36:33.692397,healthcare,5.63
2022-10-03 08:36:33.692397,transportation,17.2
2024-03-10 08:36:33.692397,housing,75.52
2020-11-01 08:36:33.692397,miscellaneous,6.08
2019-10-18 08:36:33.692397,entertainment,20.01
2019-07-30 08:36:33.692397,transportation,24.34
2020-11-03 08:36:33.692397,education,24.33
2020-02-01 08:36:33.692397,housing,66.53
2022-05-09 08:36:33.692397,entertainment,20.88
2022-04-15 08:36:33.692397,housing,97.93
2020-12-05 08:36:33.692397,education,39.43
2023-04-01 08:36:33.692397,utilities,7.56
2019-06-10 08:36:33.692397,transportation,23.87
2023-10-21 08:36:33.692397,transportation,28.21
2023-06-25 08:36:33.692397,miscellaneous,17.51
2022-08-22 08:36:33.692397,miscellaneous,21.26
2020-07-20 08:36:33.692397,housing,89.53
2020-05-26 08:36:33.692397,education,8.42
2021-03-30 08:36:33.692397,housing,112.14
2020-02-09 08:36:33.692397,entertainment,38.18
2020-07-03 08:36:33.692397,entertainment,37.35
2021-05-04 08:36:33.692397,housing,75.78
2023-10-30 08:36:33.692397,miscellaneous,24.22
2023-10-16 08:36:33.692397,housing,108.44
2020-02-01 08:36:33.692397,housing,88.83
2021-07-23 08:36:33.692397,housing,90.63
2021-08-16 08:36:33.692397,housing,55.92
2022-09-10 08:36:33.692397,housing,47.37
2021-08-16 08:36:33.692397,miscellaneous,36.33
2021-06-24 08:36:33.692397,housing,111.86
2023-08-03 08:36:33.692397,education,33.01
2022-12-08 08:36:33.692397,entertainment,35.74
2019-04-23 08:36:33.692397,housing,15.72
2024-01-12 08:36:33.692397,housing,18.84
2021-09-14 08:36:33.692397,miscellaneous,7.87
2021-10-27 08:36:33.692397,food,47.99
2022-08-23 08:36:33.692397,miscellaneous,34.39
2019-06-20 08:36:33.692397,housing,14.42
2020-04-14 08:36:33.692397,housing,30.28
2023-11-25 08:36:33.692397,transportation,19.74
2023-03-05 08:36:33.692397,miscellaneous,17.71
2021-09-30 08:36:33.692397,food,28.61
2022-06-03 08:36:33.692397,food,36.81
2023-12-25 08:36:33.692397,entertainment,17.05
2024-03-22 08:36:33.692397,healthcare,8.41
2019-05-12 08:36:33.692397,transportation,10.13
2020-10-25 08:36:33.692397,transportation,21.63
2020-03-25 08:36:33.692397,education,30.64
2021-04-08 08:36:33.692397,food,17.35
2020-02-19 08:36:33.692397,housing,41.51
2019-06-09 08:36:33.692397,housing,25.33
2023-01-08 08:36:33.692397,housing,79.46
2022-04-26 08:36:33.692397,miscellaneous,34.66
2021-04-27 08:36:33.692397,housing,40.12
2021-03-17 08:36:33.692397,housing,98.36
2023-08-03 08:36:33.692397,education,37.2
2023-01-04 08:36:33.692397,healthcare,5.66
2019-11-20 08:36:33.692397,food,25.19
2023-07-22 08:36:33.692397,entertainment,31.33
2022-09-22 08:36:33.692397,miscellaneous,18.89
2023-02-06 08:36:33.692397,housing,38.79
2022-05-21 08:36:33.692397,miscellaneous,9.61
2019-05-03 08:36:33.692397,housing,55.31
2021-09-25 08:36:33.692397,food,32.65
2023-07-08 08:36:33.692397,housing,39.94
2024-01-07 08:36:33.692397,miscellaneous,10.71
2019-04-27 08:36:33.692397,education,10.09
2021-02-27 08:36:33.692397,housing,33.82
2023-08-17 08:36:33.692397,education,31.45
2021-05-01 08:36:33.692397,housing,53.47
2023-10-18 08:36:33.692397,housing,76.15
2023-03-02 08:36:33.692397,food,53.83
2021-02-26 08:36:33.692397,housing,35.92
2019-08-15 08:36:33.692397,housing,62.8
2023-09-19 08:36:33.692397,housing,40.23
2020-04-14 08:36:33.692397,utilities,14.2
2020-04-11 08:36:33.692397,housing,36.1
2023-03-16 08:36:33.692397,miscellaneous,6.79
2021-10-24 08:36:33.692397,entertainment,25.64
2020-04-23 08:36:33.692397,housing,58.52
2023-05-20 08:36:33.692397,miscellaneous,19.41
2020-12-17 08:36:33.692397,food,66.37
2020-06-06 08:36:33.692397,housing,119.91
2022-06-18 08:36:33.692397,utilities,18.14
2019-08-26 08:36:33.692397,miscellaneous,15.25
2023-02-23 08:36:33.692397,housing,77.23
2019-08-01 08:36:33.692397,education,32.77
2022-03-25 08:36:33.692397,entertainment,25.39
2019-10-19 08:36:33.692397,entertainment,23.63
2022-03-25 08:36:33.692397,housing,35.5
2021-07-06 08:36:33.692397,food,15.57
2023-11-14 08:36:33.692397,entertainment,10.11
2024-03-29 08:36:33.692397,utilities,8.96
2020-11-13 08:36:33.692397,housing,119.1
2020-12-20 08:36:33.692397,healthcare,12.95
2021-01-22 08:36:33.692397,food,47.04
2019-07-20 08:36:33.692397,housing,91.08
2022-12-05 08:36:33.692397,housing,55.11
2024-02-22 08:36:33.692397,miscellaneous,17.13
2021-12-03 08:36:33.692397,food,78.5
2019-09-29 08:36:33.692397,entertainment,20.14
2019-12-16 08:36:33.692397,housing,87.45
2021-07-21 08:36:33.692397,healthcare,3.69
2019-11-15 08:36:33.692397,housing,71.39
2023-12-22 08:36:33.692397,food,46.62
2020-12-16 08:36:33.692397,utilities,3.13
2020-09-01 08:36:33.692397,utilities,3.59
2022-05-16 08:36:33.692397,healthcare,9.07
2022-08-24 08:36:33.692397,housing,54.87
2020-11-13 08:36:33.692397,housing,78.42
2023-03-25 08:36:33.692397,education,29.0
2022-11-27 08:36:33.692397,food,43.42
2024-02-05 08:36:33.692397,miscellaneous,20.54
2022-11-09 08:36:33.692397,housing,51.11
2023-02-15 08:36:33.692397,housing,100.35
2023-01-13 08:36:33.692397,food,68.7
2019-09-10 08:36:33.692397,healthcare,19.86
2019-12-20 08:36:33.692397,miscellaneous,29.57
2019-06-07 08:36:33.692397,housing,63.16
2020-11-30 08:36:33.692397,miscellaneous,33.22
2020-10-03 08:36:33.692397,entertainment,38.4
2021-12-10 08:36:33.692397,transportation,7.34
2022-10-10 08:36:33.692397,utilities,3.87
2022-06-12 08:36:33.692397,housing,102.41
2024-01-23 08:36:33.692397,education,35.76
2020-07-09 08:36:33.692397,miscellaneous,15.14
2022-06-13 08:36:33.692397,food,55.18
2023-07-23 08:36:33.692397,education,19.41
2020-08-25 08:36:33.692397,food,45.28
2024-03-03 08:36:33.692397,food,39.05
2020-05-01 08:36:33.692397,miscellaneous,20.18
2020-01-15 08:36:33.692397,housing,84.95
2022-12-04 08:36:33.692397,food,41.62
2023-10-22 08:36:33.692397,housing,29.49
2022-05-13 08:36:33.692397,food,70.51
2021-07-13 08:36:33.692397,transportation,30.19
2022-10-11 08:36:33.692397,food,42.62
2020-12-01 08:36:33.692397,housing,41.06
2021-02-22 08:36:33.692397,healthcare,4.42
2024-01-30 08:36:33.692397,food,39.83
2022-07-08 08:36:33.692397,miscellaneous,27.38
2021-10-27 08:36:33.692397,food,16.65
2020-03-27 08:36:33.692397,food,67.3
2021-07-10 08:36:33.692397,education,18.22
2022-02-02 08:36:33.692397,miscellaneous,31.9
2023-01-31 08:36:33.692397,utilities,10.79
2021-05-08 08:36:33.692397,housing,114.55
2024-01-18 08:36:33.692397,miscellaneous,17.87
2019-08-05 08:36:33.692397,food,50.95
2020-06-05 08:36:33.692397,housing,78.77
2023-11-21 08:36:33.692397,education,36.81
2023-08-03 08:36:33.692397,food,30.1
2019-07-14 08:36:33.692397,housing,24.08
2020-05-19 08:36:33.692397,transportation,23.66
2020-09-13 08:36:33.692397,healthcare,5.71
2019-10-07 08:36:33.692397,housing,25.75
2021-07-19 08:36:33.692397,food,72.07
2022-12-18 08:36:33.692397,utilities,2.37
2022-11-20 08:36:33.692397,education,13.85
2021-11-21 08:36:33.692397,food,60.43
2023-03-06 08:36:33.692397,entertainment,18.93
2020-09-20 08:36:33.692397,transportation,12.14
2021-03-09 08:36:33.692397,housing,24.48
2020-03-24 08:36:33.692397,food,58.78
2023-10-14 08:36:33.692397,healthcare,12.62
2020-10-17 08:36:33.692397,entertainment,25.42
2023-09-23 08:36:33.692397,utilities,6.87
2019-09-14 08:36:33.692397,housing,35.24
2019-08-01 08:36:33.692397,entertainment,20.67
2019-05-01 08:36:33.692397,miscellaneous,35.71
2019-05-26 08:36:33.692397,miscellaneous,22.1
2022-11-25 08:36:33.692397,housing,75.94
2021-05-01 08:36:33.692397,housing,54.54
2020-03-20 08:36:33.692397,entertainment,28.83
2022-11-13 08:36:33.692397,housing,82.63
2021-05-07 08:36:33.692397,transportation,28.28
2023-10-12 08:36:33.692397,utilities,6.21
2023-07-17 08:36:33.692397,transportation,38.44
2022-02-15 08:36:33.692397,housing,35.95
2019-11-24 08:36:33.692397,utilities,6.51
2020-10-22 08:36:33.692397,healthcare,3.95
2023-01-12 08:36:33.692397,food,43.13
2020-01-02 08:36:33.692397,healthcare,19.02
2019-07-17 08:36:33.692397,food,51.3
2023-10-15 08:36:33.692397,miscellaneous,33.49
2020-03-03 08:36:33.692397,miscellaneous,22.68
2023-04-15 08:36:33.692397,entertainment,36.04
2023-02-03 08:36:33.692397,food,62.56
2019-09-12 08:36:33.692397,transportation,35.99
2020-07-05 08:36:33.692397,food,45.28
2022-01-07 08:36:33.692397,housing,119.27
2019-06-19 08:36:33.692397,housing,94.01
2022-07-13 08:36:33.692397,food,75.64
2023-02-06 08:36:33.692397,housing,71.7
2024-02-27 08:36:33.692397,housing,100.61
2023-06-09 08:36:33.692397,transportation,29.34
2019-10-03 08:36:33.692397,transportation,21.09
2023-03-22 08:36:33.692397,housing,39.02
2022-10-24 08:36:33.692397,transportation,25.37
2020-11-04 08:36:33.692397,food,46.88
2021-01-30 08:36:33.692397,food,12.56
2023-11-26 08:36:33.692397,miscellaneous,10.2
2023-05-18 08:36:33.692397,healthcare,5.01
2021-01-13 08:36:33.692397,healthcare,3.55
2023-04-10 08:36:33.692397,utilities,2.35
2024-04-02 08:36:33.692397,food,8.14
2021-11-18 08:36:33.692397,housing,20.48
2019-10-24 08:36:33.692397,housing,39.59
2021-11-07 08:36:33.692397,housing,66.16
2023-07-25 08:36:33.692397,housing,14.79
2022-08-16 08:36:33.692397,housing,69.37
2022-01-12 08:36:33.692397,housing,37.02
2020-09-06 08:36:33.692397,food,64.06
2023-01-11 08:36:33.692397,housing,17.93
2023-07-18 08:36:33.692397,healthcare,4.41
2023-12-11 08:36:33.692397,housing,29.09
2023-08-01 08:36:33.692397,housing,42.77
2020-12-12 08:36:33.692397,healthcare,10.96
2019-12-08 08:36:33.692397,housing,32.06
2020-04-12 08:36:33.692397,housing,71.45
2021-06-30 08:36:33.692397,transportation,11.28
2021-02-18 08:36:33.692397,miscellaneous,26.06
2020-09-02 08:36:33.692397,entertainment,7.55
2022-10-19 08:36:33.692397,housing,73.49
2021-04-16 08:36:33.692397,food,33.38
2023-02-10 08:36:33.692397,food,9.72
2021-06-15 08:36:33.692397,food,35.04
2020-04-09 08:36:33.692397,transportation,9.87
2020-12-11 08:36:33.692397,utilities,8.36
2019-06-08 08:36:33.692397,food,69.12
2019-07-28 08:36:33.692397,utilities,15.36
2023-10-14 08:36:33.692397,healthcare,10.35
2021-05-08 08:36:33.692397,housing,114.74
2023-10-18 08:36:33.692397,transportation,28.65
2022-05-21 08:36:33.692397,education,18.52
2023-06-14 08:36:33.692397,transportation,29.28
2021-07-06 08:36:33.692397,entertainment,38.21
2023-06-05 08:36:33.692397,food,32.35
2023-05-04 08:36:33.692397,utilities,19.05
2020-10-29 08:36:33.692397,food,27.96
2021-11-24 08:36:33.692397,transportation,18.46
2020-08-09 08:36:33.692397,food,11.81
2019-12-21 08:36:33.692397,miscellaneous,8.41
2019-04-28 08:36:33.692397,transportation,36.46
2020-11-13 08:36:33.692397,transportation,9.33
2019-12-21 08:36:33.692397,housing,54.79
2022-07-07 08:36:33.692397,housing,20.23
2019-10-30 08:36:33.692397,food,74.85
2020-11-22 08:36:33.692397,miscellaneous,5.48
2022-02-24 08:36:33.692397,food,15.66
2019-11-26 08:36:33.692397,utilities,10.52
2022-05-11 08:36:33.692397,education,22.19
2021-03-20 08:36:33.692397,education,29.66
2023-12-30 08:36:33.692397,food,50.28
2020-06-10 08:36:33.692397,transportation,21.87
2021-06-05 08:36:33.692397,food,33.05
2020-02-29 08:36:33.692397,housing,37.48
2023-10-14 08:36:33.692397,utilities,6.55
2020-08-13 08:36:33.692397,housing,36.55
2020-05-10 08:36:33.692397,food,42.39
2019-07-14 08:36:33.692397,education,8.94
2022-09-11 08:36:33.692397,food,28.56
2020-10-05 08:36:33.692397,transportation,23.14
2019-11-06 08:36:33.692397,housing,74.21
2022-08-02 08:36:33.692397,entertainment,23.15
2022-04-13 08:36:33.692397,food,16.58
2021-06-27 08:36:33.692397,housing,59.73
2022-12-28 08:36:33.692397,entertainment,10.15
2024-02-22 08:36:33.692397,housing,49.13
2021-11-05 08:36:33.692397,healthcare,10.23
2020-10-21 08:36:33.692397,housing,66.66
2024-03-04 08:36:33.692397,housing,91.73
2021-06-10 08:36:33.692397,housing,40.63
2022-12-07 08:36:33.692397,food,78.72
2021-05-11 08:36:33.692397,utilities,19.94
2021-03-29 08:36:33.692397,food,16.56
2020-08-23 08:36:33.692397,housing,87.34
2020-02-17 08:36:33.692397,miscellaneous,21.13
2022-08-03 08:36:33.692397,housing,57.46
2022-06-03 08:36:33.692397,utilities,7.68
2021-10-25 08:36:33.692397,miscellaneous,35.22
2023-07-13 08:36:33.692397,education,35.26
2021-10-11 08:36:33.692397,miscellaneous,6.21
2019-05-10 08:36:33.692397,education,36.98
2023-11-26 08:36:33.692397,entertainment,17.61
2021-04-21 08:36:33.692397,entertainment,19.15
2022-11-27 08:36:33.692397,food,22.6
2022-11-08 08:36:33.692397,entertainment,30.91
2019-10-16 08:36:33.692397,housing,91.31
2019-06-11 08:36:33.692397,transportation,10.05
2023-11-30 08:36:33.692397,housing,28.8
2024-02-27 08:36:33.692397,housing,111.34
2020-09-08 08:36:33.692397,education,9.13
2023-05-01 08:36:33.692397,transportation,14.82
2024-02-02 08:36:33.692397,food,65.87
2020-04-27 08:36:33.692397,housing,37.03
2022-06-24 08:36:33.692397,housing,87.29
2019-12-22 08:36:33.692397,utilities,19.02
2020-06-25 08:36:33.692397,food,19.47
2020-11-01 08:36:33.692397,miscellaneous,35.16
2021-10-28 08:36:33.692397,miscellaneous,20.75
2024-01-27 08:36:33.692397,miscellaneous,29.14
2020-03-04 08:36:33.692397,food,10.7
2020-11-18 08:36:33.692397,miscellaneous,4.78
2020-09-15 08:36:33.692397,miscellaneous,24.83
2023-05-03 08:36:33.692397,housing,90.29
2020-05-22 08:36:33.692397,education,25.51
2019-05-10 08:36:33.692397,entertainment,17.52
2020-12-19 08:36:33.692397,food,73.87
2019-08-04 08:36:33.692397,food,36.59
2020-07-04 08:36:33.692397,housing,17.42
2019-11-24 08:36:33.692397,housing,116.31
2022-10-09 08:36:33.692397,food,36.28
2022-05-12 08:36:33.692397,transportation,35.62
2023-02-18 08:36:33.692397,utilities,15.34
2021-02-17 08:36:33.692397,housing,26.82
2020-01-20 08:36:33.692397,housing,65.9
2022-03-31 08:36:33.692397,transportation,23.2
2022-12-05 08:36:33.692397,entertainment,38.54
2023-07-18 08:36:33.692397,housing,81.52
2021-05-31 08:36:33.692397,miscellaneous,24.31
2020-01-19 08:36:33.692397,healthcare,11.24
2024-03-09 08:36:33.692397,housing,111.49
2023-07-13 08:36:33.692397,food,28.62
2019-04-19 08:36:33.692397,food,60.42
2024-03-02 08:36:33.692397,housing,82.15
2022-11-02 08:36:33.692397,food,53.35
2019-05-30 08:36:33.692397,food,49.43
2024-01-02 08:36:33.692397,housing,53.38
2020-10-19 08:36:33.692397,transportation,26.74
2020-11-08 08:36:33.692397,transportation,36.2
2019-09-05 08:36:33.692397,food,56.6
2022-10-19 08:36:33.692397,food,22.7
2023-12-01 08:36:33.692397,education,33.83
2021-07-26 08:36:33.692397,education,24.51
2020-03-14 08:36:33.692397,transportation,31.13
2020-12-31 08:36:33.692397,food,51.55
2020-02-03 08:36:33.692397,housing,95.59
2019-06-02 08:36:33.692397,education,39.41
2022-02-05 08:36:33.692397,healthcare,5.61
2024-02-15 08:36:33.692397,utilities,12.56
2021-12-16 08:36:33.692397,food,73.58
2023-07-24 08:36:33.692397,transportation,33.31
2019-12-03 08:36:33.692397,food,8.62
2020-04-14 08:36:33.692397,utilities,6.78
2023-10-15 08:36:33.692397,housing,71.17
2023-04-22 08:36:33.692397,miscellaneous,35.07
2021-01-11 08:36:33.692397,utilities,16.77
2023-04-20 08:36:33.692397,housing,115.61
2022-02-03 08:36:33.692397,entertainment,18.44
2021-10-01 08:36:33.692397,housing,90.96
2020-06-22 08:36:33.692397,transportation,10.93
2022-08-12 08:36:33.692397,food,62.59
2021-12-27 08:36:33.692397,miscellaneous,5.71
2024-02-19 08:36:33.692397,food,47.96
2019-08-06 08:36:33.692397,housing,115.37
2021-03-15 08:36:33.692397,housing,87.3
2022-03-11 08:36:33.692397,healthcare,10.84
2020-02-01 08:36:33.692397,food,43.99
2022-02-15 08:36:33.692397,housing,23.23
2023-02-22 08:36:33.692397,entertainment,25.63
2022-08-15 08:36:33.692397,education,19.93
2024-04-01 08:36:33.692397,entertainment,15.47
2019-11-05 08:36:33.692397,transportation,36.78
2019-07-31 08:36:33.692397,housing,63.82
2021-03-04 08:36:33.692397,housing,52.07
2021-09-22 08:36:33.692397,housing,45.96
2022-08-31 08:36:33.692397,food,26.98
2021-11-14 08:36:33.692397,entertainment,19.67
2019-09-18 08:36:33.692397,food,44.4
2023-12-30 08:36:33.692397,housing,20.98
2019-06-13 08:36:33.692397,entertainment,20.99
2022-10-09 08:36:33.692397,transportation,13.56
2021-01-30 08:36:33.692397,entertainment,8.94
2023-12-09 08:36:33.692397,housing,61.07
2019-07-20 08:36:33.692397,miscellaneous,4.66
2019-05-17 08:36:33.692397,housing,53.85
2020-09-21 08:36:33.692397,housing,45.12
2023-02-07 08:36:33.692397,housing,48.24
2021-05-29 08:36:33.692397,housing,14.83
2020-10-06 08:36:33.692397,healthcare,13.18
2021-02-27 08:36:33.692397,miscellaneous,7.75
2023-12-25 08:36:33.692397,housing,63.78
2022-10-20 08:36:33.692397,education,39.58
2022-05-24 08:36:33.692397,housing,88.95
2020-01-31 08:36:33.692397,healthcare,4.6
2022-03-21 08:36:33.692397,transportation,29.55
2023-12-20 08:36:33.692397,utilities,14.37
2023-01-29 08:36:33.692397,healthcare,16.86
2022-11-02 08:36:33.692397,miscellaneous,19.7
2022-03-18 08:36:33.692397,miscellaneous,17.6
2023-08-07 08:36:33.692397,food,49.95
2023-11-12 08:36:33.692397,housing,46.74
2019-06-01 08:36:33.692397,housing,69.33
2021-02-26 08:36:33.692397,housing,65.72
2020-04-28 08:36:33.692397,education,23.63
2020-03-08 08:36:33.692397,miscellaneous,19.52
2021-10-28 08:36:33.692397,education,39.11
2023-11-22 08:36:33.692397,food,17.46
2020-03-13 08:36:33.692397,housing,63.04
2021-08-26 08:36:33.692397,housing,49.49
2023-10-13 08:36:33.692397,entertainment,30.96
2020-03-16 08:36:33.692397,entertainment,4.84
2024-01-23 08:36:33.692397,transportation,22.72
2024-03-04 08:36:33.692397,transportation,20.71
2022-10-22 08:36:33.692397,housing,26.05
2023-10-03 08:36:33.692397,food,63.62
2020-04-24 08:36:33.692397,education,6.32
2020-02-17 08:36:33.692397,transportation,14.27
2022-06-16 08:36:33.692397,transportation,33.21
2020-01-01 08:36:33.692397,food,46.86
2023-08-02 08:36:33.692397,food,60.6
2019-12-20 08:36:33.692397,food,36.64
2020-11-28 08:36:33.692397,food,61.69
2020-04-23 08:36:33.692397,food,44.01
2020-10-23 08:36:33.692397,food,21.47
2022-05-26 08:36:33.692397,food,54.48
2021-03-01 08:36:33.692397,housing,85.07
2023-08-10 08:36:33.692397,utilities,8.23
2021-01-04 08:36:33.692397,housing,50.78
2020-03-21 08:36:33.692397,transportation,7.41
2021-05-26 08:36:33.692397,food,26.62
2024-03-28 08:36:33.692397,miscellaneous,16.91
2020-03-11 08:36:33.692397,food,23.5
2024-03-28 08:36:33.692397,food,8.32
2021-06-17 08:36:33.692397,housing,57.49
2022-01-10 08:36:33.692397,housing,101.77
2021-07-28 08:36:33.692397,food,53.22
2022-08-10 08:36:33.692397,education,32.83
2021-11-28 08:36:33.692397,transportation,21.66
2020-05-14 08:36:33.692397,housing,75.24
2020-11-18 08:36:33.692397,food,48.71
2020-04-08 08:36:33.692397,healthcare,10.84
2022-07-31 08:36:33.692397,housing,34.65
2021-06-19 08:36:33.692397,utilities,19.49
2021-04-26 08:36:33.692397,healthcare,12.8
2021-12-22 08:36:33.692397,food,72.21
2023-08-28 08:36:33.692397,housing,44.68
2019-04-20 08:36:33.692397,transportation,31.42
2022-06-20 08:36:33.692397,utilities,2.71
2023-07-08 08:36:33.692397,housing,51.43
2021-02-18 08:36:33.692397,food,28.09
2022-11-07 08:36:33.692397,food,79.04
2022-03-04 08:36:33.692397,entertainment,19.73
2019-10-20 08:36:33.692397,transportation,32.48
2022-10-07 08:36:33.692397,education,36.96
2024-01-30 08:36:33.692397,miscellaneous,38.55
2022-07-20 08:36:33.692397,housing,67.2
2023-11-02 08:36:33.692397,housing,24.55
2019-12-23 08:36:33.692397,miscellaneous,8.26
2022-03-25 08:36:33.692397,miscellaneous,16.11
2021-05-03 08:36:33.692397,miscellaneous,25.67
2019-07-30 08:36:33.692397,miscellaneous,7.05
2020-07-30 08:36:33.692397,transportation,22.78
2021-02-24 08:36:33.692397,housing,119.13
2023-10-04 08:36:33.692397,housing,27.85
2020-12-16 08:36:33.692397,housing,117.42
2021-03-16 08:36:33.692397,transportation,12.16
2020-01-09 08:36:33.692397,food,21.39
2022-12-20 08:36:33.692397,entertainment,20.9
2019-04-18 08:36:33.692397,utilities,18.83
2021-12-12 08:36:33.692397,housing,46.38
2023-09-07 08:36:33.692397,transportation,19.98
2022-09-02 08:36:33.692397,food,57.74
2020-11-08 08:36:33.692397,utilities,8.53
2022-07-14 08:36:33.692397,miscellaneous,35.88
2020-11-28 08:36:33.692397,housing,36.01
2023-09-26 08:36:33.692397,housing,20.33
2020-08-22 08:36:33.692397,healthcare,7.81
2023-01-21 08:36:33.692397,housing,101.21
2019-05-21 08:36:33.692397,food,59.08
2024-03-04 08:36:33.692397,housing,119.86
2022-04-11 08:36:33.692397,food,71.67
2019-11-22 08:36:33.692397,entertainment,17.88
2023-05-27 08:36:33.692397,transportation,26.08
2020-12-24 08:36:33.692397,education,16.81
2024-01-19 08:36:33.692397,food,9.74
2022-07-09 08:36:33.692397,food,35.34
2021-07-03 08:36:33.692397,education,13.06
2019-04-26 08:36:33.692397,entertainment,31.03
2020-04-27 08:36:33.692397,entertainment,11.6
2023-07-16 08:36:33.692397,utilities,12.95
2023-09-22 08:36:33.692397,food,22.04
2020-05-06 08:36:33.692397,education,35.56
2022-11-14 08:36:33.692397,food,34.4
2023-07-20 08:36:33.692397,housing,57.42
2020-10-16 08:36:33.692397,miscellaneous,11.82
2019-05-26 08:36:33.692397,entertainment,31.84
2020-10-20 08:36:33.692397,housing,106.88
2023-05-01 08:36:33.692397,healthcare,5.32
2022-03-12 08:36:33.692397,transportation,32.17
